<?xml version="1.0" encoding="utf-8"?>
<chart id="244">
  <P Name="name">Control System/Path Planning/Chart</P>
  <P Name="windowPosition">[-7 -7 1550 848]</P>
  <P Name="viewLimits">[36.981 1215.861 27.555 517.795]</P>
  <P Name="zoomFactor">1.067</P>
  <P Name="screen">[1 1 3200 1200 1.25]</P>
  <P Name="viewObj">244</P>
  <P Name="ssIdHighWaterMark">225</P>
  <P Name="decomposition">CLUSTER_CHART</P>
  <P Name="chartFileNumber">3</P>
  <P Name="allowGlobalAccessToExportedFunctions">0</P>
  <P Name="saturateOnIntegerOverflow">1</P>
  <P Name="userSpecifiedStateTransitionExecutionOrder">1</P>
  <P Name="disableImplicitCasting">1</P>
  <P Name="actionLanguage">2</P>
  <activeStateOutput>
    <P Name="useCustomName">1</P>
    <P Name="customName">ChartMode</P>
    <P Name="useCustomEnumTypeName">1</P>
    <P Name="enumTypeName">ChartModeType</P>
  </activeStateOutput>
  <Children>
    <state SSID="178">
      <P Name="labelString">Hover1
during:
xout = xestim;
yout = yestim;</P>
      <P Name="position">[824.04 63.4629 90 60]</P>
      <P Name="fontSize">12</P>
      <P Name="subviewer">244</P>
      <P Name="type">OR_STATE</P>
      <P Name="decomposition">CLUSTER_STATE</P>
    </state>
    <state SSID="20">
      <P Name="labelString">Movement</P>
      <P Name="position">[389.2114 142.2394 216.08 253.92]</P>
      <P Name="fontSize">12</P>
      <P Name="superState">SUBCHART</P>
      <P Name="subviewer">244</P>
      <subviewS>
        <P Name="panLimits">[13.798 1192.678 12.973 503.213]</P>
        <P Name="x1">314.667</P>
        <P Name="y1">113.667</P>
        <P Name="zoomFactor">1.067</P>
        <P Name="pos">[20.874 20.199 1203.206 539.581]</P>
      </subviewS>
      <P Name="contentPreviewEnabled">1</P>
      <P Name="type">OR_STATE</P>
      <P Name="decomposition">CLUSTER_STATE</P>
      <Children>
        <state SSID="152">
          <P Name="labelString">MoveRight
during:
yout = yout + 0.001;
Direction = 0;</P>
          <P Name="position">[351.7444 118.9995 122.3625 108]</P>
          <P Name="fontSize">12</P>
          <P Name="subviewer">20</P>
          <P Name="type">OR_STATE</P>
          <P Name="decomposition">CLUSTER_STATE</P>
        </state>
        <state SSID="150">
          <P Name="labelString">MoveUp
entry:
xout = xout + 0.5;
</P>
          <P Name="position">[688.4056 118.9995 128.4 108]</P>
          <P Name="fontSize">12</P>
          <P Name="subviewer">20</P>
          <P Name="type">OR_STATE</P>
          <P Name="decomposition">CLUSTER_STATE</P>
        </state>
        <state SSID="154">
          <P Name="labelString">MoveLeft
during:
yout = yout - 0.001;
Direction = 1;</P>
          <P Name="position">[347.1256 293.7206 131.6 108]</P>
          <P Name="fontSize">12</P>
          <P Name="subviewer">20</P>
          <P Name="type">OR_STATE</P>
          <P Name="decomposition">CLUSTER_STATE</P>
        </state>
        <state SSID="151">
          <P Name="labelString">MoveUp1
entry:
xout = xout + 0.5;
</P>
          <P Name="position">[698.8056 293.7206 128.4 108]</P>
          <P Name="fontSize">12</P>
          <P Name="subviewer">20</P>
          <P Name="type">OR_STATE</P>
          <P Name="decomposition">CLUSTER_STATE</P>
        </state>
        <transition SSID="196">
          <P Name="labelString"/>
          <P Name="labelPosition">[371.12 103.999 0 0]</P>
          <P Name="fontSize">12</P>
          <src>
            <P Name="intersection">[0 -0 1 0 371.12 88.9995 0 0]</P>
          </src>
          <dst>
            <P Name="SSID">152</P>
            <P Name="intersection">[1 0 -1 0.1583 371.12 118.9995 0 0]</P>
          </dst>
          <P Name="midPoint">[371.12 103.9995]</P>
          <P Name="dataLimits">[368.72 373.52 88.999 118.999]</P>
          <P Name="subviewer">20</P>
          <P Name="drawStyle">SMART</P>
          <slide>
            <P Name="sticky">BOTH_STICK</P>
          </slide>
          <P Name="executionOrder">1</P>
        </transition>
        <transition SSID="149">
          <P Name="labelString">[(yestim &gt;= 3) || (yestim &gt;= yout+1)]</P>
          <P Name="labelPosition">[484.94 152.782 191.078 16]</P>
          <P Name="fontSize">12</P>
          <src>
            <P Name="SSID">152</P>
            <P Name="intersection">[2 1 0 0.5195 474.1069 175.1106 0 0]</P>
          </src>
          <dst>
            <P Name="SSID">150</P>
            <P Name="intersection">[4 -1 0 0.4805 688.4056 175.1106 0 0]</P>
          </dst>
          <P Name="midPoint">[577.2562 175.1106]</P>
          <P Name="visible">0</P>
          <P Name="dataLimits">[474.107 688.406 172.711 177.511]</P>
          <P Name="subviewer">20</P>
          <P Name="drawStyle">SMART</P>
          <slide>
            <P Name="sticky">BOTH_STICK</P>
          </slide>
          <P Name="executionOrder">1</P>
        </transition>
        <transition SSID="155">
          <P Name="labelString"/>
          <P Name="labelPosition">[530.213 193.875 0 0]</P>
          <P Name="fontSize">12</P>
          <src>
            <P Name="SSID">150</P>
            <P Name="intersection">[4 -1 0 0.2138 688.4056 203.9106 0 0]</P>
          </src>
          <dst>
            <P Name="SSID">154</P>
            <P Name="intersection">[1 0 -1 0.6898 437.9014 293.7206 0 0]</P>
          </dst>
          <P Name="midPoint">[530.2129 211.875]</P>
          <P Name="visible">0</P>
          <P Name="dataLimits">[435.501 688.406 203.824 293.721]</P>
          <P Name="subviewer">20</P>
          <P Name="drawStyle">SMART</P>
          <slide>
            <P Name="mode">MIRROR_SLIDE</P>
            <P Name="sticky">BOTH_STICK</P>
          </slide>
          <P Name="executionOrder">1</P>
        </transition>
        <transition SSID="156">
          <P Name="labelString"/>
          <P Name="labelPosition">[621.207 246.36 0 0]</P>
          <P Name="fontSize">12</P>
          <src>
            <P Name="SSID">151</P>
            <P Name="intersection">[1 0 -1 0.6864 786.9394 293.7206 0 0]</P>
          </src>
          <dst>
            <P Name="SSID">152</P>
            <P Name="intersection">[3 0 1 0.1523 455.4744 226.9995 0 0]</P>
          </dst>
          <P Name="midPoint">[621.2069 264.36]</P>
          <P Name="visible">0</P>
          <P Name="dataLimits">[453.074 786.939 226.999 293.721]</P>
          <P Name="subviewer">20</P>
          <P Name="drawStyle">SMART</P>
          <slide>
            <P Name="mode">MIRROR_SLIDE</P>
            <P Name="sticky">BOTH_STICK</P>
          </slide>
          <P Name="executionOrder">1</P>
        </transition>
        <transition SSID="153">
          <P Name="labelString">[(yestim &lt;= -0.8) || (yestim &lt;= yout-1)]</P>
          <P Name="labelPosition">[487.803 362.892 202.047 16]</P>
          <P Name="fontSize">12</P>
          <src>
            <P Name="SSID">154</P>
            <P Name="intersection">[2 1 0 0.5388 478.7256 351.9106 0 0]</P>
          </src>
          <dst>
            <P Name="SSID">151</P>
            <P Name="intersection">[4 -1 0 0.4612 698.8056 351.9106 0 0]</P>
          </dst>
          <P Name="midPoint">[584.7656 351.9106]</P>
          <P Name="visible">0</P>
          <P Name="dataLimits">[478.726 698.806 349.511 354.311]</P>
          <P Name="subviewer">20</P>
          <P Name="drawStyle">SMART</P>
          <slide>
            <P Name="sticky">BOTH_STICK</P>
          </slide>
          <P Name="executionOrder">1</P>
        </transition>
      </Children>
    </state>
    <state SSID="3">
      <P Name="labelString">Hover
entry:
xout = 0;
yout = 0;
zout = -2;
Detect_cnt = 0;
Direction = 0;</P>
      <P Name="position">[130.36 227.6 89.2 108]</P>
      <P Name="fontSize">12</P>
      <P Name="subviewer">244</P>
      <P Name="type">OR_STATE</P>
      <P Name="decomposition">CLUSTER_STATE</P>
    </state>
    <state SSID="218">
      <P Name="labelString">Hover2
during:
xout = xestim;
yout = yestim;
zout = 0.5;</P>
      <P Name="position">[979.6031 295.4629 90 88.8]</P>
      <P Name="fontSize">12</P>
      <P Name="subviewer">244</P>
      <P Name="type">OR_STATE</P>
      <P Name="decomposition">CLUSTER_STATE</P>
    </state>
    <data SSID="21" name="xestim">
      <P Name="scope">INPUT_DATA</P>
      <props>
        <array>
          <P Name="size">-1</P>
        </array>
        <type>
          <P Name="method">SF_INHERITED_TYPE</P>
          <P Name="primitive">SF_DOUBLE_TYPE</P>
          <P Name="isSigned">1</P>
          <P Name="wordLength">16</P>
        </type>
        <P Name="frame">SF_FRAME_INHERITED</P>
        <unit>
          <P Name="name">inherit</P>
        </unit>
      </props>
      <P Name="dataType">Inherit: Same as Simulink</P>
    </data>
    <data SSID="1" name="yestim">
      <P Name="scope">INPUT_DATA</P>
      <props>
        <array>
          <P Name="size">-1</P>
        </array>
        <type>
          <P Name="method">SF_INHERITED_TYPE</P>
          <P Name="primitive">SF_DOUBLE_TYPE</P>
          <P Name="isSigned">1</P>
          <P Name="wordLength">16</P>
        </type>
        <P Name="frame">SF_FRAME_INHERITED</P>
        <unit>
          <P Name="name">inherit</P>
        </unit>
      </props>
      <P Name="dataType">Inherit: Same as Simulink</P>
    </data>
    <data SSID="11" name="ImageDetect">
      <P Name="scope">INPUT_DATA</P>
      <props>
        <array>
          <P Name="size">-1</P>
        </array>
        <type>
          <P Name="method">SF_INHERITED_TYPE</P>
          <P Name="primitive">SF_DOUBLE_TYPE</P>
          <P Name="isSigned">1</P>
          <P Name="wordLength">16</P>
        </type>
        <P Name="frame">SF_FRAME_INHERITED</P>
        <unit>
          <P Name="name">inherit</P>
        </unit>
      </props>
      <P Name="dataType">Inherit: Same as Simulink</P>
    </data>
    <data SSID="12" name="xout">
      <P Name="scope">OUTPUT_DATA</P>
      <props>
        <array>
          <P Name="size">-1</P>
        </array>
        <type>
          <P Name="primitive">SF_SINGLE_TYPE</P>
          <P Name="isSigned">1</P>
          <P Name="wordLength">16</P>
        </type>
        <P Name="frame">SF_FRAME_NO</P>
        <unit>
          <P Name="name">inherit</P>
        </unit>
      </props>
      <P Name="dataType">single</P>
    </data>
    <data SSID="13" name="yout">
      <P Name="scope">OUTPUT_DATA</P>
      <props>
        <array>
          <P Name="size">-1</P>
        </array>
        <type>
          <P Name="primitive">SF_SINGLE_TYPE</P>
          <P Name="isSigned">1</P>
          <P Name="wordLength">16</P>
        </type>
        <P Name="frame">SF_FRAME_NO</P>
        <unit>
          <P Name="name">inherit</P>
        </unit>
      </props>
      <P Name="dataType">single</P>
    </data>
    <data SSID="14" name="zout">
      <P Name="scope">OUTPUT_DATA</P>
      <props>
        <array>
          <P Name="size">-1</P>
        </array>
        <type>
          <P Name="primitive">SF_SINGLE_TYPE</P>
          <P Name="isSigned">1</P>
          <P Name="wordLength">16</P>
        </type>
        <P Name="frame">SF_FRAME_NO</P>
        <unit>
          <P Name="name">inherit</P>
        </unit>
      </props>
      <P Name="dataType">single</P>
    </data>
    <data SSID="65" name="Detect_cnt">
      <P Name="scope">LOCAL_DATA</P>
      <props>
        <array>
          <P Name="size">-1</P>
        </array>
        <type>
          <P Name="method">SF_INHERITED_TYPE</P>
          <P Name="primitive">SF_DOUBLE_TYPE</P>
          <P Name="isSigned">1</P>
          <P Name="wordLength">16</P>
        </type>
        <P Name="frame">SF_FRAME_INHERITED</P>
        <unit>
          <P Name="name">inherit</P>
        </unit>
      </props>
      <P Name="dataType">Inherit: From definition in chart</P>
    </data>
    <data SSID="105" name="Direction">
      <P Name="scope">LOCAL_DATA</P>
      <props>
        <array>
          <P Name="size">-1</P>
        </array>
        <type>
          <P Name="method">SF_INHERITED_TYPE</P>
          <P Name="primitive">SF_DOUBLE_TYPE</P>
          <P Name="isSigned">1</P>
          <P Name="wordLength">16</P>
        </type>
        <P Name="frame">SF_FRAME_NO</P>
        <unit>
          <P Name="name">inherit</P>
        </unit>
      </props>
      <P Name="dataType">Inherit: From definition in chart</P>
    </data>
    <transition SSID="10">
      <P Name="labelString">[(ImageDetect == 1)]{Detect_cnt = Detect_cnt + 1}</P>
      <P Name="labelPosition">[539.918 65.086 268.578 16]</P>
      <P Name="fontSize">12</P>
      <src>
        <P Name="SSID">20</P>
        <P Name="intersection">[1 0 -1 0.8649 576.0914 142.2394 0 0]</P>
      </src>
      <dst>
        <P Name="SSID">178</P>
        <P Name="intersection">[4 -1 0 0.4867 824.04 94.2629 0 0]</P>
      </dst>
      <P Name="midPoint">[665.4785 87.6639]</P>
      <P Name="dataLimits">[576.091 824.04 84.29 142.239]</P>
      <P Name="subviewer">244</P>
      <slide>
        <P Name="mode">MIRROR_SLIDE</P>
        <P Name="sticky">BOTH_STICK</P>
      </slide>
      <P Name="executionOrder">1</P>
    </transition>
    <transition SSID="200">
      <P Name="labelString">[after(2,sec)]{zout = zout + 0.2}</P>
      <P Name="labelPosition">[924.435 124.498 166.609 16]</P>
      <P Name="fontSize">12</P>
      <src>
        <P Name="SSID">178</P>
        <P Name="intersection">[2 1 0 0.8643 914.04 115.3194 0 0]</P>
      </src>
      <dst>
        <P Name="SSID">213</P>
        <P Name="intersection">[1 -0.6502 -0.7597 0 1020.0515 195.4401 0 0]</P>
      </dst>
      <P Name="midPoint">[969.9136 140.4622]</P>
      <P Name="dataLimits">[914.04 1020.052 115.319 195.44]</P>
      <P Name="subviewer">244</P>
      <P Name="drawStyle">SMART</P>
      <slide>
        <P Name="mode">MIRROR_SLIDE</P>
        <P Name="sticky">BOTH_STICK</P>
      </slide>
      <P Name="executionOrder">1</P>
    </transition>
    <transition SSID="4">
      <P Name="labelString"/>
      <P Name="labelPosition">[150.727 212.6 0 0]</P>
      <P Name="fontSize">12</P>
      <src>
        <P Name="intersection">[0 0 1 0 150.7273 197.6 0 0]</P>
      </src>
      <dst>
        <P Name="SSID">3</P>
        <P Name="intersection">[1 0 -1 0.2283 150.7273 227.6 0 0]</P>
      </dst>
      <P Name="midPoint">[150.7273 212.6]</P>
      <P Name="dataLimits">[148.327 153.127 197.6 227.6]</P>
      <P Name="subviewer">244</P>
      <P Name="drawStyle">SMART</P>
      <slide>
        <P Name="sticky">BOTH_STICK</P>
      </slide>
      <P Name="executionOrder">1</P>
    </transition>
    <transition SSID="220">
      <P Name="labelString"/>
      <P Name="labelPosition">[815.447 228.039 0 0]</P>
      <P Name="fontSize">12</P>
      <src>
        <P Name="SSID">213</P>
        <P Name="intersection">[4 -1 0 0 1017.6031 200.7583 0 0]</P>
      </src>
      <dst>
        <P Name="SSID">20</P>
        <P Name="intersection">[2 1 -0 0.5871 605.2914 291.3194 0 0]</P>
      </dst>
      <P Name="midPoint">[815.4472 246.0389]</P>
      <P Name="dataLimits">[605.291 1017.603 200.758 293.719]</P>
      <P Name="subviewer">244</P>
      <P Name="drawStyle">SMART</P>
      <slide>
        <P Name="mode">MIRROR_SLIDE</P>
        <P Name="sticky">BOTH_STICK</P>
      </slide>
      <P Name="executionOrder">2</P>
    </transition>
    <transition SSID="208">
      <P Name="labelString">[zout &gt;= -0.4]</P>
      <P Name="labelPosition">[1034.137 241.843 72.641 16]</P>
      <P Name="fontSize">12</P>
      <src>
        <P Name="SSID">213</P>
        <P Name="intersection">[3 0 1 0 1024.6031 207.7583 0 0]</P>
      </src>
      <dst>
        <P Name="SSID">218</P>
        <P Name="intersection">[1 0 -1 0.5 1024.6031 295.4629 0 0]</P>
      </dst>
      <P Name="midPoint">[1024.6031 247.6106]</P>
      <P Name="dataLimits">[1022.203 1027.003 207.758 295.463]</P>
      <P Name="subviewer">244</P>
      <P Name="drawStyle">SMART</P>
      <slide>
        <P Name="sticky">BOTH_STICK</P>
      </slide>
      <P Name="executionOrder">1</P>
    </transition>
    <transition SSID="9">
      <P Name="labelString">[after(3,sec)]</P>
      <P Name="labelPosition">[265.751 252.159 69.281 16]</P>
      <P Name="fontSize">12</P>
      <src>
        <P Name="SSID">3</P>
        <P Name="intersection">[2 1 0 0.3941 219.56 270.1594 0 0]</P>
      </src>
      <dst>
        <P Name="SSID">20</P>
        <P Name="intersection">[4 -1 -0 0.4962 389.2114 270.1594 0 0]</P>
      </dst>
      <P Name="midPoint">[300.3857 270.1594]</P>
      <P Name="dataLimits">[219.56 389.211 267.759 272.559]</P>
      <P Name="subviewer">244</P>
      <P Name="drawStyle">SMART</P>
      <slide>
        <P Name="sticky">BOTH_STICK</P>
      </slide>
      <P Name="executionOrder">1</P>
    </transition>
    <junction SSID="213">
      <P Name="position">[1024.6031 200.7583 7]</P>
      <P Name="visible">0</P>
      <P Name="subviewer">244</P>
      <P Name="type">CONNECTIVE_JUNCTION</P>
    </junction>
  </Children>
</chart>
