<?xml version="1.0" encoding="utf-8"?>
<Stateflow>
  <machine id="226">
    <P Name="sfVersion">80000041</P>
    <P Name="sfDemoChecksum">[634292822 3306268595 3004382032 4278812140]</P>
    <Children>
      <target id="290" name="sfun">
        <P Name="description">Default Simulink S-Function Target.</P>
      </target>
      <target id="291" name="rtw"/>
      <chart Ref="chart_227"/>
      <chart Ref="chart_236"/>
      <chart Ref="chart_244"/>
      <chart Ref="chart_274"/>
      <chart Ref="chart_281"/>
    </Children>
  </machine>
  <instance id="235">
    <P Name="machine">226</P>
    <P Name="name">Image Processing System/MATLAB Function</P>
    <P Name="chart">227</P>
  </instance>
  <instance id="243">
    <P Name="machine">226</P>
    <P Name="name">Control System/Controller/Position Controller/Position error transformation
(Earth to Body frame)</P>
    <P Name="chart">236</P>
  </instance>
  <instance id="273">
    <P Name="machine">226</P>
    <P Name="name">Control System/Path Planning/Chart</P>
    <P Name="chart">244</P>
  </instance>
  <instance id="280">
    <P Name="machine">226</P>
    <P Name="name">Image Processing System/MATLAB Function1</P>
    <P Name="chart">274</P>
  </instance>
  <instance id="289">
    <P Name="machine">226</P>
    <P Name="name">Control System/MATLAB Function</P>
    <P Name="chart">281</P>
  </instance>
</Stateflow>
