<?xml version="1.0" encoding="utf-8"?>
<ModelInformation Version="1.0">
  <Model>
    <P Name="ModelUUID">a33ffedc-8502-44fa-9108-a94ccec2c268</P>
    <Object PropName="HDLParams" ObjectID="1" ClassName="slprops.hdlmdlprops">
      <Array PropName="mdlProps" Type="Cell" Dimension="1*2">
        <Cell Class="char">HDLSubsystem</Cell>
        <Cell Class="char">$bdroot</Cell>
      </Array>
    </Object>
    <P Name="EnableAccessToBaseWorkspace">on</P>
    <P Name="SLXCompressionType">Normal</P>
    <P Name="ScopeRefreshTime">0.035000</P>
    <P Name="OverrideScopeRefreshTime">on</P>
    <P Name="DisableAllScopes">off</P>
    <P Name="DataTypeOverride">UseLocalSettings</P>
    <P Name="DataTypeOverrideAppliesTo">AllNumericTypes</P>
    <P Name="MinMaxOverflowLogging">UseLocalSettings</P>
    <P Name="MinMaxOverflowArchiveMode">Overwrite</P>
    <P Name="FPTRunName">Run 1</P>
    <P Name="MaxMDLFileLineLength">120</P>
    <P Name="LastSavedArchitecture">win64</P>
    <P Name="HideAutomaticNames">off</P>
    <P Name="SequenceViewerTimePrecision">3</P>
    <P Name="SequenceViewerHistory">1000</P>
    <ConfigManagerSettings>
      <P Name="ModifiedByFormat">%&lt;Auto&gt;</P>
      <P Name="ModifiedDateFormat">%&lt;Auto&gt;</P>
      <P Name="RTWModifiedTimeStamp">541630595</P>
      <P Name="ModelVersionFormat">%&lt;AutoIncrement:2.29&gt;</P>
    </ConfigManagerSettings>
    <EditorSettings>
      <P Name="SampleTimeColors">off</P>
      <P Name="SampleTimeAnnotations">off</P>
      <P Name="LibraryLinkDisplay">disabled</P>
      <P Name="WideLines">off</P>
      <P Name="ShowLineDimensions">off</P>
      <P Name="ShowPortDataTypes">off</P>
      <P Name="ShowAllPropagatedSignalLabels">off</P>
      <P Name="PortDataTypeDisplayFormat">AliasTypeOnly</P>
      <P Name="ShowEditTimeErrors">on</P>
      <P Name="ShowEditTimeWarnings">off</P>
      <P Name="ShowEditTimeAdvisorChecks">off</P>
      <P Name="ShowPortUnits">off</P>
      <P Name="ShowDesignRanges">off</P>
      <P Name="ShowLoopsOnError">on</P>
      <P Name="IgnoreBidirectionalLines">off</P>
      <P Name="ShowStorageClass">off</P>
      <P Name="ShowTestPointIcons">off</P>
      <P Name="ShowSignalResolutionIcons">off</P>
      <P Name="ShowViewerIcons">on</P>
      <P Name="VariantCondition">off</P>
      <P Name="ShowLinearizationAnnotations">on</P>
      <P Name="ShowVisualizeInsertedRTB">on</P>
      <P Name="ShowMarkup">on</P>
      <P Name="BlockNameDataTip">off</P>
      <P Name="BlockParametersDataTip">off</P>
      <P Name="BlockDescriptionStringDataTip">off</P>
      <P Name="BlockVariantConditionDataTip">off</P>
      <P Name="ToolBar">on</P>
      <P Name="StatusBar">on</P>
      <P Name="BrowserShowLibraryLinks">off</P>
      <P Name="FunctionConnectors">off</P>
      <P Name="ScheduleConnectors">off</P>
      <P Name="BrowserLookUnderMasks">off</P>
      <P Name="MultithreadedSim">on</P>
    </EditorSettings>
    <SimulationSettings>
      <P Name="SimulationMode">normal</P>
      <P Name="SILPILModeSetting">automated</P>
      <P Name="SILPILSystemUnderTest">topmodel</P>
      <P Name="SILPILSimulationModeTopModel">normal</P>
      <P Name="SILPILSimulationModeModelRef">normal</P>
      <P Name="SimTabSimulationMode">normal</P>
      <P Name="CodeVerificationMode">software-in-the-loop (sil)</P>
      <P Name="PauseTimes">5</P>
      <P Name="NumberOfSteps">1</P>
      <P Name="SnapshotBufferSize">10</P>
      <P Name="SnapshotInterval">10</P>
      <P Name="NumberOfLastSnapshots">0</P>
      <P Name="EnablePacing">off</P>
      <P Name="PacingRate">1</P>
      <Object PropName="RTWFcnClass" ObjectID="2" ClassName="RTW.FcnDefault">
        <P Name="Name">Auto</P>
        <P Name="FunctionName">flightControlSystem_step</P>
        <P Name="InitFunctionName">flightControlSystem_initialize</P>
      </Object>
      <P Name="LinearizationMsg">none</P>
      <P Name="Profile">off</P>
      <P Name="ParamWorkspaceSource">MATLABWorkspace</P>
      <P Name="AccelSystemTargetFile">accel.tlc</P>
      <P Name="AccelTemplateMakefile">accel_default_tmf</P>
      <P Name="AccelMakeCommand">make_rtw</P>
      <P Name="TryForcingSFcnDF">off</P>
      <Object PropName="DataLoggingOverride" ObjectID="3" ClassName="Simulink.SimulationData.ModelLoggingInfo">
        <P Name="model_" Class="char">$bdroot</P>
        <Array PropName="logAsSpecifiedByModels_" Type="Cell" Dimension="1*1">
          <Cell Class="char">$bdroot</Cell>
        </Array>
        <Array PropName="logAsSpecifiedByModelsSSIDs_" Type="Cell" Dimension="1*1">
          <Cell Class="char"/>
        </Array>
      </Object>
      <Object PropName="InstrumentedSignals" ObjectID="4" ClassName="Simulink.HMI.InstrumentedSignals">
        <Array PropName="Persistence" Type="Struct" Dimension="1*1">
          <MATStruct>
            <Field Name="UUID" Class="char">2b36b618-3f69-430a-b5a0-2104b47d38e3</Field>
            <Field Name="BlockPath_" Class="char">Control System/Path Planning/Bus Selector1</Field>
            <Field Name="SID_" Class="char">588</Field>
            <Field Name="SubPath_" Class="char"/>
            <Field Name="OutputPortIndex_" Class="double">1.0</Field>
            <Field Name="LogicalPortIndex_" Class="double">0.0</Field>
            <Field Name="SignalName_" Class="char">&lt;X&gt;</Field>
            <Field Name="SubSysPath_" Class="char"/>
            <Field Name="Decimation_" Class="double">1.0</Field>
            <Field Name="MaxPoints_" Class="double">1024.0</Field>
            <Field Name="TargetBufferedStreaming_" Class="double">0.0</Field>
            <Field Name="IsFrameBased_" Class="double">0.0</Field>
            <Field Name="HideInSDI_" Class="double">0.0</Field>
            <Field Name="DomainType_" Class="char"/>
            <Array PropName="DomainParams_" Type="Struct" Dimension="1*1">
              <MATStruct/>
            </Array>
            <Field Name="VisualType_" Class="char"/>
          </MATStruct>
        </Array>
      </Object>
    </SimulationSettings>
    <ExternalMode>
      <P Name="ExtModeBatchMode">off</P>
      <P Name="ExtModeEnableFloating">on</P>
      <P Name="ExtModeTrigType">manual</P>
      <P Name="ExtModeTrigMode">normal</P>
      <P Name="ExtModeTrigPort">1</P>
      <P Name="ExtModeTrigElement">any</P>
      <P Name="ExtModeTrigSignalOutputPortIndex">0</P>
      <P Name="ExtModeTrigDuration">80</P>
      <P Name="ExtModeTrigDurationFloating">auto</P>
      <P Name="ExtModeTrigHoldOff">0</P>
      <P Name="ExtModeTrigDelay">0</P>
      <P Name="ExtModeTrigDirection">rising</P>
      <P Name="ExtModeTrigLevel">0</P>
      <P Name="ExtModeArchiveMode">off</P>
      <P Name="ExtModeAutoIncOneShot">off</P>
      <P Name="ExtModeIncDirWhenArm">off</P>
      <P Name="ExtModeAddSuffixToVar">off</P>
      <P Name="ExtModeWriteAllDataToWs">off</P>
      <P Name="ExtModeArmWhenConnect">on</P>
      <P Name="ExtModeSkipDownloadWhenConnect">off</P>
      <P Name="ExtModeLogAll">on</P>
      <P Name="ExtModeAutoUpdateStatusClock">on</P>
    </ExternalMode>
    <EngineSettings>
      <P Name="VariantFading">on</P>
    </EngineSettings>
    <ModelReferenceSettings>
      <P Name="ShowModelReferenceBlockVersion">off</P>
      <P Name="ShowModelReferenceBlockIO">off</P>
      <P Name="OrderedModelArguments">on</P>
    </ModelReferenceSettings>
    <ConcurrentExecutionSettings>
      <Object PropName="DataTransfer" ObjectID="5" ClassName="Simulink.GlobalDataTransfer">
        <P Name="DefaultTransitionBetweenSyncTasks" Class="char">Ensure deterministic transfer (maximum delay)</P>
        <P Name="DefaultTransitionBetweenAsyncTasks" Class="char">Ensure data integrity only</P>
        <P Name="DefaultTransitionBetweenContTasks" Class="char">Ensure deterministic transfer (minimum delay)</P>
        <P Name="DefaultExtrapolationMethodBetweenContTasks" Class="char">None</P>
      </Object>
      <P Name="ExplicitPartitioning">off</P>
      <Array PropName="ModelMappings" Type="Simulink.CoderDictionary.ModelMappingBase" Dimension="1*2">
        <Object ObjectID="6" ClassName="Simulink.CoderDictionary.ModelMapping">
          <P Name="DummyName" Class="char"/>
          <Array PropName="Inports" Type="Simulink.CoderDictionary.InportsMapping" Dimension="1*3">
            <Object ObjectID="7">
              <Object PropName="MappedTo" ObjectID="8" ClassName="Simulink.DataReferenceClass">
                <P Name="MappedTo" Class="char">StorageClass</P>
                <Object PropName="StorageClass" ObjectID="9" ClassName="Simulink.MapDataRef">
                  <P Name="UUID" Class="char">49c69b75-1e5d-4583-8e2e-adfdb3383b6e</P>
                </Object>
                <P Name="CSCAttributes" Class="char"/>
                <P Name="MemorySection" Class="double">[]</P>
                <P Name="Identifier" Class="char">cmd_inport</P>
              </Object>
              <Object Reference="true" PropName="ParentMapping" ObjectID="6"/>
            </Object>
            <Object ObjectID="10">
              <Object PropName="MappedTo" ObjectID="11" ClassName="Simulink.DataReferenceClass">
                <P Name="MappedTo" Class="char">StorageClass</P>
                <Object PropName="StorageClass" ObjectID="12" ClassName="Simulink.MapDataRef">
                  <P Name="UUID" Class="char">49c69b75-1e5d-4583-8e2e-adfdb3383b6e</P>
                </Object>
                <P Name="CSCAttributes" Class="char"/>
                <P Name="MemorySection" Class="double">[]</P>
                <P Name="Identifier" Class="char">sensor_inport</P>
              </Object>
              <Object Reference="true" PropName="ParentMapping" ObjectID="6"/>
            </Object>
            <Object ObjectID="13">
              <Object PropName="MappedTo" ObjectID="14" ClassName="Simulink.DataReferenceClass">
                <P Name="MappedTo" Class="char">StorageClass</P>
                <Object PropName="StorageClass" ObjectID="15" ClassName="Simulink.MapDataRef">
                  <P Name="UUID" Class="char">3d00140e-9905-495b-b543-bd24ca564783</P>
                </Object>
                <P Name="CSCAttributes" Class="char"/>
                <P Name="MemorySection" Class="double">[]</P>
                <P Name="Identifier" Class="char">imRGB</P>
              </Object>
              <Object Reference="true" PropName="ParentMapping" ObjectID="6"/>
            </Object>
          </Array>
          <Array PropName="Outports" Type="Simulink.CoderDictionary.OutportsMapping" Dimension="1*2">
            <Object ObjectID="16">
              <Object PropName="MappedTo" ObjectID="17" ClassName="Simulink.DataReferenceClass">
                <P Name="MappedTo" Class="char">StorageClass</P>
                <P Name="StorageClass" Class="double">[]</P>
                <P Name="CSCAttributes" Class="char"/>
                <P Name="MemorySection" Class="double">[]</P>
                <P Name="Identifier" Class="char"/>
              </Object>
              <Object Reference="true" PropName="ParentMapping" ObjectID="6"/>
            </Object>
            <Object ObjectID="18">
              <Object PropName="MappedTo" ObjectID="19" ClassName="Simulink.DataReferenceClass">
                <P Name="MappedTo" Class="char">StorageClass</P>
                <P Name="StorageClass" Class="double">[]</P>
                <P Name="CSCAttributes" Class="char"/>
                <P Name="MemorySection" Class="double">[]</P>
                <P Name="Identifier" Class="char"/>
              </Object>
              <Object Reference="true" PropName="ParentMapping" ObjectID="6"/>
            </Object>
          </Array>
          <P Name="FcnCallInports" Class="double">[]</P>
          <Array PropName="OneShotFunctionMappings" Type="Simulink.CoderDictionary.EntryPointMapping" Dimension="1*2">
            <Object ObjectID="20">
              <P Name="Prototype" Class="char"/>
              <P Name="SimulinkFunctionName" Class="char">Initialize</P>
              <Object Reference="true" PropName="ParentMapping" ObjectID="6"/>
              <Object PropName="FunctionReference" ObjectID="21" ClassName="Simulink.FunctionReferenceClass">
                <Object PropName="FunctionClass" ObjectID="22" ClassName="Simulink.MapDataRef">
                  <P Name="UUID" Class="char"/>
                </Object>
                <Object PropName="MemorySection" ObjectID="23" ClassName="Simulink.MapDataRef">
                  <P Name="UUID" Class="char"/>
                </Object>
              </Object>
            </Object>
            <Object ObjectID="24">
              <P Name="Prototype" Class="char"/>
              <P Name="SimulinkFunctionName" Class="char">Terminate</P>
              <Object Reference="true" PropName="ParentMapping" ObjectID="6"/>
              <Object PropName="FunctionReference" ObjectID="25" ClassName="Simulink.FunctionReferenceClass">
                <Object PropName="FunctionClass" ObjectID="26" ClassName="Simulink.MapDataRef">
                  <P Name="UUID" Class="char"/>
                </Object>
                <Object PropName="MemorySection" ObjectID="27" ClassName="Simulink.MapDataRef">
                  <P Name="UUID" Class="char"/>
                </Object>
              </Object>
            </Object>
          </Array>
          <P Name="OutputFunctionMappings" Class="double">[]</P>
          <P Name="UpdateFunctionMappings" Class="double">[]</P>
          <P Name="AperiodicFunctionMappings" Class="double">[]</P>
          <P Name="AsynchronousFunctionMappings" Class="double">[]</P>
          <P Name="ResetFunctions" Class="double">[]</P>
          <P Name="SimulinkFunctionCallerMappings" Class="double">[]</P>
          <P Name="ModelScopedParameters" Class="double">[]</P>
          <P Name="SubsystemFunctions" Class="double">[]</P>
          <P Name="Parameters" Class="double">[]</P>
          <Array PropName="Signals" Type="Simulink.CoderDictionary.SignalMapping" Dimension="1*2">
            <Object ObjectID="28">
              <P Name="OutputPort" Class="int32">0</P>
              <Object Reference="true" PropName="ParentMapping" ObjectID="6"/>
              <Object PropName="MappedTo" ObjectID="29" ClassName="Simulink.DataReferenceClass">
                <P Name="MappedTo" Class="char">StorageClass</P>
                <Object PropName="StorageClass" ObjectID="30" ClassName="Simulink.MapDataRef">
                  <P Name="UUID" Class="char">49c69b75-1e5d-4583-8e2e-adfdb3383b6e</P>
                </Object>
                <P Name="CSCAttributes" Class="char"/>
                <P Name="MemorySection" Class="double">[]</P>
                <P Name="Identifier" Class="char">motors_outport</P>
              </Object>
              <P Name="BlockSID" Class="char">85</P>
            </Object>
            <Object ObjectID="31">
              <P Name="OutputPort" Class="int32">1</P>
              <Object Reference="true" PropName="ParentMapping" ObjectID="6"/>
              <Object PropName="MappedTo" ObjectID="32" ClassName="Simulink.DataReferenceClass">
                <P Name="MappedTo" Class="char">StorageClass</P>
                <Object PropName="StorageClass" ObjectID="33" ClassName="Simulink.MapDataRef">
                  <P Name="UUID" Class="char">49c69b75-1e5d-4583-8e2e-adfdb3383b6e</P>
                </Object>
                <P Name="CSCAttributes" Class="char"/>
                <P Name="MemorySection" Class="double">[]</P>
                <P Name="Identifier" Class="char">flag_outport</P>
              </Object>
              <P Name="BlockSID" Class="char">85</P>
            </Object>
          </Array>
          <P Name="SynthesizedLocalDataStores" Class="double">[]</P>
          <P Name="DataStores" Class="double">[]</P>
          <Array PropName="States" Type="Simulink.CoderDictionary.StateMapping" Dimension="1*16">
            <Object ObjectID="34">
              <P Name="StateIdentifier" Class="int32">0</P>
              <P Name="Identifier" Class="int32">0</P>
              <Object Reference="true" PropName="ParentMapping" ObjectID="6"/>
              <Object PropName="MappedTo" ObjectID="35" ClassName="Simulink.DataReferenceClass">
                <P Name="MappedTo" Class="char">StorageClass</P>
                <P Name="StorageClass" Class="double">[]</P>
                <P Name="CSCAttributes" Class="char"/>
                <P Name="MemorySection" Class="double">[]</P>
                <P Name="Identifier" Class="char"/>
              </Object>
              <P Name="BlockSID" Class="char">2242</P>
            </Object>
            <Object ObjectID="36">
              <P Name="StateIdentifier" Class="int32">0</P>
              <P Name="Identifier" Class="int32">0</P>
              <Object Reference="true" PropName="ParentMapping" ObjectID="6"/>
              <Object PropName="MappedTo" ObjectID="37" ClassName="Simulink.DataReferenceClass">
                <P Name="MappedTo" Class="char">StorageClass</P>
                <P Name="StorageClass" Class="double">[]</P>
                <P Name="CSCAttributes" Class="char"/>
                <P Name="MemorySection" Class="double">[]</P>
                <P Name="Identifier" Class="char"/>
              </Object>
              <P Name="BlockSID" Class="char">2294</P>
            </Object>
            <Object ObjectID="38">
              <P Name="StateIdentifier" Class="int32">0</P>
              <P Name="Identifier" Class="int32">0</P>
              <Object Reference="true" PropName="ParentMapping" ObjectID="6"/>
              <Object PropName="MappedTo" ObjectID="39" ClassName="Simulink.DataReferenceClass">
                <P Name="MappedTo" Class="char">StorageClass</P>
                <P Name="StorageClass" Class="double">[]</P>
                <P Name="CSCAttributes" Class="char"/>
                <P Name="MemorySection" Class="double">[]</P>
                <P Name="Identifier" Class="char"/>
              </Object>
              <P Name="BlockSID" Class="char">2317</P>
            </Object>
            <Object ObjectID="40">
              <P Name="StateIdentifier" Class="int32">0</P>
              <P Name="Identifier" Class="int32">0</P>
              <Object Reference="true" PropName="ParentMapping" ObjectID="6"/>
              <Object PropName="MappedTo" ObjectID="41" ClassName="Simulink.DataReferenceClass">
                <P Name="MappedTo" Class="char">StorageClass</P>
                <P Name="StorageClass" Class="double">[]</P>
                <P Name="CSCAttributes" Class="char"/>
                <P Name="MemorySection" Class="double">[]</P>
                <P Name="Identifier" Class="char"/>
              </Object>
              <P Name="BlockSID" Class="char">2184</P>
            </Object>
            <Object ObjectID="42">
              <P Name="StateIdentifier" Class="int32">0</P>
              <P Name="Identifier" Class="int32">0</P>
              <Object Reference="true" PropName="ParentMapping" ObjectID="6"/>
              <Object PropName="MappedTo" ObjectID="43" ClassName="Simulink.DataReferenceClass">
                <P Name="MappedTo" Class="char">StorageClass</P>
                <P Name="StorageClass" Class="double">[]</P>
                <P Name="CSCAttributes" Class="char"/>
                <P Name="MemorySection" Class="double">[]</P>
                <P Name="Identifier" Class="char"/>
              </Object>
              <P Name="BlockSID" Class="char">2350</P>
            </Object>
            <Object ObjectID="44">
              <P Name="StateIdentifier" Class="int32">0</P>
              <P Name="Identifier" Class="int32">0</P>
              <Object Reference="true" PropName="ParentMapping" ObjectID="6"/>
              <Object PropName="MappedTo" ObjectID="45" ClassName="Simulink.DataReferenceClass">
                <P Name="MappedTo" Class="char">StorageClass</P>
                <P Name="StorageClass" Class="double">[]</P>
                <P Name="CSCAttributes" Class="char"/>
                <P Name="MemorySection" Class="double">[]</P>
                <P Name="Identifier" Class="char"/>
              </Object>
              <P Name="BlockSID" Class="char">2375</P>
            </Object>
            <Object ObjectID="46">
              <P Name="StateIdentifier" Class="int32">0</P>
              <P Name="Identifier" Class="int32">0</P>
              <Object Reference="true" PropName="ParentMapping" ObjectID="6"/>
              <Object PropName="MappedTo" ObjectID="47" ClassName="Simulink.DataReferenceClass">
                <P Name="MappedTo" Class="char">StorageClass</P>
                <P Name="StorageClass" Class="double">[]</P>
                <P Name="CSCAttributes" Class="char"/>
                <P Name="MemorySection" Class="double">[]</P>
                <P Name="Identifier" Class="char"/>
              </Object>
              <P Name="BlockSID" Class="char">2376</P>
            </Object>
            <Object ObjectID="48">
              <P Name="StateIdentifier" Class="int32">0</P>
              <P Name="Identifier" Class="int32">0</P>
              <Object Reference="true" PropName="ParentMapping" ObjectID="6"/>
              <Object PropName="MappedTo" ObjectID="49" ClassName="Simulink.DataReferenceClass">
                <P Name="MappedTo" Class="char">StorageClass</P>
                <P Name="StorageClass" Class="double">[]</P>
                <P Name="CSCAttributes" Class="char"/>
                <P Name="MemorySection" Class="double">[]</P>
                <P Name="Identifier" Class="char"/>
              </Object>
              <P Name="BlockSID" Class="char">2442</P>
            </Object>
            <Object ObjectID="50">
              <P Name="StateIdentifier" Class="int32">0</P>
              <P Name="Identifier" Class="int32">0</P>
              <Object Reference="true" PropName="ParentMapping" ObjectID="6"/>
              <Object PropName="MappedTo" ObjectID="51" ClassName="Simulink.DataReferenceClass">
                <P Name="MappedTo" Class="char">StorageClass</P>
                <P Name="StorageClass" Class="double">[]</P>
                <P Name="CSCAttributes" Class="char"/>
                <P Name="MemorySection" Class="double">[]</P>
                <P Name="Identifier" Class="char"/>
              </Object>
              <P Name="BlockSID" Class="char">2461</P>
            </Object>
            <Object ObjectID="52">
              <P Name="StateIdentifier" Class="int32">0</P>
              <P Name="Identifier" Class="int32">0</P>
              <Object Reference="true" PropName="ParentMapping" ObjectID="6"/>
              <Object PropName="MappedTo" ObjectID="53" ClassName="Simulink.DataReferenceClass">
                <P Name="MappedTo" Class="char">StorageClass</P>
                <P Name="StorageClass" Class="double">[]</P>
                <P Name="CSCAttributes" Class="char"/>
                <P Name="MemorySection" Class="double">[]</P>
                <P Name="Identifier" Class="char"/>
              </Object>
              <P Name="BlockSID" Class="char">2478</P>
            </Object>
            <Object ObjectID="54">
              <P Name="StateIdentifier" Class="int32">0</P>
              <P Name="Identifier" Class="int32">0</P>
              <Object Reference="true" PropName="ParentMapping" ObjectID="6"/>
              <Object PropName="MappedTo" ObjectID="55" ClassName="Simulink.DataReferenceClass">
                <P Name="MappedTo" Class="char">StorageClass</P>
                <P Name="StorageClass" Class="double">[]</P>
                <P Name="CSCAttributes" Class="char"/>
                <P Name="MemorySection" Class="double">[]</P>
                <P Name="Identifier" Class="char"/>
              </Object>
              <P Name="BlockSID" Class="char">2479</P>
            </Object>
            <Object ObjectID="56">
              <P Name="StateIdentifier" Class="int32">0</P>
              <P Name="Identifier" Class="int32">0</P>
              <Object Reference="true" PropName="ParentMapping" ObjectID="6"/>
              <Object PropName="MappedTo" ObjectID="57" ClassName="Simulink.DataReferenceClass">
                <P Name="MappedTo" Class="char">StorageClass</P>
                <P Name="StorageClass" Class="double">[]</P>
                <P Name="CSCAttributes" Class="char"/>
                <P Name="MemorySection" Class="double">[]</P>
                <P Name="Identifier" Class="char"/>
              </Object>
              <P Name="BlockSID" Class="char">2480</P>
            </Object>
            <Object ObjectID="58">
              <P Name="StateIdentifier" Class="int32">0</P>
              <P Name="Identifier" Class="int32">0</P>
              <Object Reference="true" PropName="ParentMapping" ObjectID="6"/>
              <Object PropName="MappedTo" ObjectID="59" ClassName="Simulink.DataReferenceClass">
                <P Name="MappedTo" Class="char">StorageClass</P>
                <P Name="StorageClass" Class="double">[]</P>
                <P Name="CSCAttributes" Class="char"/>
                <P Name="MemorySection" Class="double">[]</P>
                <P Name="Identifier" Class="char"/>
              </Object>
              <P Name="BlockSID" Class="char">2481</P>
            </Object>
            <Object ObjectID="60">
              <P Name="StateIdentifier" Class="int32">0</P>
              <P Name="Identifier" Class="int32">0</P>
              <Object Reference="true" PropName="ParentMapping" ObjectID="6"/>
              <Object PropName="MappedTo" ObjectID="61" ClassName="Simulink.DataReferenceClass">
                <P Name="MappedTo" Class="char">StorageClass</P>
                <P Name="StorageClass" Class="double">[]</P>
                <P Name="CSCAttributes" Class="char"/>
                <P Name="MemorySection" Class="double">[]</P>
                <P Name="Identifier" Class="char"/>
              </Object>
              <P Name="BlockSID" Class="char">2607</P>
            </Object>
            <Object ObjectID="62">
              <P Name="StateIdentifier" Class="int32">0</P>
              <P Name="Identifier" Class="int32">0</P>
              <Object Reference="true" PropName="ParentMapping" ObjectID="6"/>
              <Object PropName="MappedTo" ObjectID="63" ClassName="Simulink.DataReferenceClass">
                <P Name="MappedTo" Class="char">StorageClass</P>
                <P Name="StorageClass" Class="double">[]</P>
                <P Name="CSCAttributes" Class="char"/>
                <P Name="MemorySection" Class="double">[]</P>
                <P Name="Identifier" Class="char"/>
              </Object>
              <P Name="BlockSID" Class="char">2631</P>
            </Object>
            <Object ObjectID="64">
              <P Name="StateIdentifier" Class="int32">0</P>
              <P Name="Identifier" Class="int32">0</P>
              <Object Reference="true" PropName="ParentMapping" ObjectID="6"/>
              <Object PropName="MappedTo" ObjectID="65" ClassName="Simulink.DataReferenceClass">
                <P Name="MappedTo" Class="char">StorageClass</P>
                <P Name="StorageClass" Class="double">[]</P>
                <P Name="CSCAttributes" Class="char"/>
                <P Name="MemorySection" Class="double">[]</P>
                <P Name="Identifier" Class="char"/>
              </Object>
              <P Name="BlockSID" Class="char">2660</P>
            </Object>
          </Array>
          <Object PropName="DefaultsMapping" ObjectID="66" ClassName="Simulink.CoderDictionary.DefaultsMapping">
            <Object Reference="true" PropName="ParentMapping" ObjectID="6"/>
            <Object PropName="Inports" ObjectID="67" ClassName="Simulink.DataReferenceClass">
              <P Name="MappedTo" Class="char">StorageClass</P>
              <P Name="StorageClass" Class="double">[]</P>
              <P Name="CSCAttributes" Class="char"/>
              <P Name="MemorySection" Class="double">[]</P>
              <P Name="Identifier" Class="char"/>
            </Object>
            <Object PropName="Outports" ObjectID="68" ClassName="Simulink.DataReferenceClass">
              <P Name="MappedTo" Class="char">StorageClass</P>
              <P Name="StorageClass" Class="double">[]</P>
              <P Name="CSCAttributes" Class="char"/>
              <P Name="MemorySection" Class="double">[]</P>
              <P Name="Identifier" Class="char"/>
            </Object>
            <Object PropName="GlobalParameters" ObjectID="69" ClassName="Simulink.DataReferenceClass">
              <P Name="MappedTo" Class="char">StorageClass</P>
              <P Name="StorageClass" Class="double">[]</P>
              <P Name="CSCAttributes" Class="char"/>
              <P Name="MemorySection" Class="double">[]</P>
              <P Name="Identifier" Class="char"/>
            </Object>
            <Object PropName="SharedParameters" ObjectID="70" ClassName="Simulink.DataReferenceClass">
              <P Name="MappedTo" Class="char">StorageClass</P>
              <P Name="StorageClass" Class="double">[]</P>
              <P Name="CSCAttributes" Class="char"/>
              <P Name="MemorySection" Class="double">[]</P>
              <P Name="Identifier" Class="char"/>
            </Object>
            <Object PropName="PerInstanceParameters" ObjectID="71" ClassName="Simulink.DataReferenceClass">
              <P Name="MappedTo" Class="char">StorageClass</P>
              <P Name="StorageClass" Class="double">[]</P>
              <P Name="CSCAttributes" Class="char"/>
              <P Name="MemorySection" Class="double">[]</P>
              <P Name="Identifier" Class="char"/>
            </Object>
            <Object PropName="SharedLocalDataStores" ObjectID="72" ClassName="Simulink.DataReferenceClass">
              <P Name="MappedTo" Class="char">StorageClass</P>
              <P Name="StorageClass" Class="double">[]</P>
              <P Name="CSCAttributes" Class="char"/>
              <P Name="MemorySection" Class="double">[]</P>
              <P Name="Identifier" Class="char"/>
            </Object>
            <Object PropName="GlobalDataStores" ObjectID="73" ClassName="Simulink.DataReferenceClass">
              <P Name="MappedTo" Class="char">StorageClass</P>
              <P Name="StorageClass" Class="double">[]</P>
              <P Name="CSCAttributes" Class="char"/>
              <P Name="MemorySection" Class="double">[]</P>
              <P Name="Identifier" Class="char"/>
            </Object>
            <Object PropName="InternalData" ObjectID="74" ClassName="Simulink.DataReferenceClass">
              <P Name="MappedTo" Class="char">StorageClass</P>
              <P Name="StorageClass" Class="double">[]</P>
              <P Name="CSCAttributes" Class="char"/>
              <P Name="MemorySection" Class="double">[]</P>
              <P Name="Identifier" Class="char"/>
            </Object>
            <Object PropName="Constants" ObjectID="75" ClassName="Simulink.DataReferenceClass">
              <P Name="MappedTo" Class="char">StorageClass</P>
              <P Name="StorageClass" Class="double">[]</P>
              <P Name="CSCAttributes" Class="char"/>
              <P Name="MemorySection" Class="double">[]</P>
              <P Name="Identifier" Class="char"/>
            </Object>
            <Object PropName="InitTermFunctions" ObjectID="76" ClassName="Simulink.FunctionReferenceClass">
              <P Name="FunctionClass" Class="double">[]</P>
              <P Name="MemorySection" Class="double">[]</P>
            </Object>
            <Object PropName="ExecutionFunctions" ObjectID="77" ClassName="Simulink.FunctionReferenceClass">
              <P Name="FunctionClass" Class="double">[]</P>
              <P Name="MemorySection" Class="double">[]</P>
            </Object>
            <Object PropName="SharedUtilityFunctions" ObjectID="78" ClassName="Simulink.FunctionReferenceClass">
              <P Name="FunctionClass" Class="double">[]</P>
              <P Name="MemorySection" Class="double">[]</P>
            </Object>
          </Object>
          <P Name="Name" Class="char">flightControlSystem_c</P>
          <P Name="Active" Class="logical">1</P>
        </Object>
        <Object ObjectID="79" ClassName="Simulink.CoderDictionary.ModelMappingSLC">
          <P Name="DummyName" Class="char"/>
          <Array PropName="Inports" Type="Simulink.CoderDictionary.InportsMapping" Dimension="1*3">
            <Object ObjectID="80">
              <Object PropName="MappedTo" ObjectID="81" ClassName="Simulink.DataReferenceClass">
                <P Name="MappedTo" Class="char">StorageClass</P>
                <Object PropName="StorageClass" ObjectID="82" ClassName="Simulink.MapDataRef">
                  <P Name="UUID" Class="char">49c69b75-1e5d-4583-8e2e-adfdb3383b6e</P>
                </Object>
                <P Name="CSCAttributes" Class="char"/>
                <P Name="MemorySection" Class="double">[]</P>
                <P Name="Identifier" Class="char">cmd_inport</P>
              </Object>
              <Object Reference="true" PropName="ParentMapping" ObjectID="79"/>
            </Object>
            <Object ObjectID="83">
              <Object PropName="MappedTo" ObjectID="84" ClassName="Simulink.DataReferenceClass">
                <P Name="MappedTo" Class="char">StorageClass</P>
                <Object PropName="StorageClass" ObjectID="85" ClassName="Simulink.MapDataRef">
                  <P Name="UUID" Class="char">49c69b75-1e5d-4583-8e2e-adfdb3383b6e</P>
                </Object>
                <P Name="CSCAttributes" Class="char"/>
                <P Name="MemorySection" Class="double">[]</P>
                <P Name="Identifier" Class="char">sensor_inport</P>
              </Object>
              <Object Reference="true" PropName="ParentMapping" ObjectID="79"/>
            </Object>
            <Object ObjectID="86">
              <Object PropName="MappedTo" ObjectID="87" ClassName="Simulink.DataReferenceClass">
                <P Name="MappedTo" Class="char">StorageClass</P>
                <Object PropName="StorageClass" ObjectID="88" ClassName="Simulink.MapDataRef">
                  <P Name="UUID" Class="char">3d00140e-9905-495b-b543-bd24ca564783</P>
                </Object>
                <P Name="CSCAttributes" Class="char"/>
                <P Name="MemorySection" Class="double">[]</P>
                <P Name="Identifier" Class="char">imRGB</P>
              </Object>
              <Object Reference="true" PropName="ParentMapping" ObjectID="79"/>
            </Object>
          </Array>
          <Array PropName="Outports" Type="Simulink.CoderDictionary.OutportsMapping" Dimension="1*2">
            <Object ObjectID="89">
              <Object PropName="MappedTo" ObjectID="90" ClassName="Simulink.DataReferenceClass">
                <P Name="MappedTo" Class="char">StorageClass</P>
                <P Name="StorageClass" Class="double">[]</P>
                <P Name="CSCAttributes" Class="char"/>
                <P Name="MemorySection" Class="double">[]</P>
                <P Name="Identifier" Class="char"/>
              </Object>
              <Object Reference="true" PropName="ParentMapping" ObjectID="79"/>
            </Object>
            <Object ObjectID="91">
              <Object PropName="MappedTo" ObjectID="92" ClassName="Simulink.DataReferenceClass">
                <P Name="MappedTo" Class="char">StorageClass</P>
                <P Name="StorageClass" Class="double">[]</P>
                <P Name="CSCAttributes" Class="char"/>
                <P Name="MemorySection" Class="double">[]</P>
                <P Name="Identifier" Class="char"/>
              </Object>
              <Object Reference="true" PropName="ParentMapping" ObjectID="79"/>
            </Object>
          </Array>
          <P Name="ModelScopedParameters" Class="double">[]</P>
          <P Name="Parameters" Class="double">[]</P>
          <Array PropName="Signals" Type="Simulink.CoderDictionary.SignalMapping" Dimension="1*2">
            <Object ObjectID="93">
              <P Name="OutputPort" Class="int32">0</P>
              <Object Reference="true" PropName="ParentMapping" ObjectID="79"/>
              <Object PropName="MappedTo" ObjectID="94" ClassName="Simulink.DataReferenceClass">
                <P Name="MappedTo" Class="char">StorageClass</P>
                <Object PropName="StorageClass" ObjectID="95" ClassName="Simulink.MapDataRef">
                  <P Name="UUID" Class="char">49c69b75-1e5d-4583-8e2e-adfdb3383b6e</P>
                </Object>
                <P Name="CSCAttributes" Class="char"/>
                <P Name="MemorySection" Class="double">[]</P>
                <P Name="Identifier" Class="char">motors_outport</P>
              </Object>
              <P Name="BlockSID" Class="char">85</P>
            </Object>
            <Object ObjectID="96">
              <P Name="OutputPort" Class="int32">1</P>
              <Object Reference="true" PropName="ParentMapping" ObjectID="79"/>
              <Object PropName="MappedTo" ObjectID="97" ClassName="Simulink.DataReferenceClass">
                <P Name="MappedTo" Class="char">StorageClass</P>
                <Object PropName="StorageClass" ObjectID="98" ClassName="Simulink.MapDataRef">
                  <P Name="UUID" Class="char">49c69b75-1e5d-4583-8e2e-adfdb3383b6e</P>
                </Object>
                <P Name="CSCAttributes" Class="char"/>
                <P Name="MemorySection" Class="double">[]</P>
                <P Name="Identifier" Class="char">flag_outport</P>
              </Object>
              <P Name="BlockSID" Class="char">85</P>
            </Object>
          </Array>
          <P Name="DataStores" Class="double">[]</P>
          <Array PropName="States" Type="Simulink.CoderDictionary.StateMapping" Dimension="1*21">
            <Object ObjectID="99">
              <P Name="StateIdentifier" Class="int32">0</P>
              <P Name="Identifier" Class="int32">0</P>
              <Object Reference="true" PropName="ParentMapping" ObjectID="79"/>
              <Object PropName="MappedTo" ObjectID="100" ClassName="Simulink.DataReferenceClass">
                <P Name="MappedTo" Class="char">StorageClass</P>
                <P Name="StorageClass" Class="double">[]</P>
                <P Name="CSCAttributes" Class="char"/>
                <P Name="MemorySection" Class="double">[]</P>
                <P Name="Identifier" Class="char"/>
              </Object>
              <P Name="BlockSID" Class="char">2184</P>
            </Object>
            <Object ObjectID="101">
              <P Name="StateIdentifier" Class="int32">0</P>
              <P Name="Identifier" Class="int32">0</P>
              <Object Reference="true" PropName="ParentMapping" ObjectID="79"/>
              <Object PropName="MappedTo" ObjectID="102" ClassName="Simulink.DataReferenceClass">
                <P Name="MappedTo" Class="char">StorageClass</P>
                <P Name="StorageClass" Class="double">[]</P>
                <P Name="CSCAttributes" Class="char"/>
                <P Name="MemorySection" Class="double">[]</P>
                <P Name="Identifier" Class="char"/>
              </Object>
              <P Name="BlockSID" Class="char">2242</P>
            </Object>
            <Object ObjectID="103">
              <P Name="StateIdentifier" Class="int32">0</P>
              <P Name="Identifier" Class="int32">0</P>
              <Object Reference="true" PropName="ParentMapping" ObjectID="79"/>
              <Object PropName="MappedTo" ObjectID="104" ClassName="Simulink.DataReferenceClass">
                <P Name="MappedTo" Class="char">StorageClass</P>
                <P Name="StorageClass" Class="double">[]</P>
                <P Name="CSCAttributes" Class="char"/>
                <P Name="MemorySection" Class="double">[]</P>
                <P Name="Identifier" Class="char"/>
              </Object>
              <P Name="BlockSID" Class="char">2294</P>
            </Object>
            <Object ObjectID="105">
              <P Name="StateIdentifier" Class="int32">0</P>
              <P Name="Identifier" Class="int32">0</P>
              <Object Reference="true" PropName="ParentMapping" ObjectID="79"/>
              <Object PropName="MappedTo" ObjectID="106" ClassName="Simulink.DataReferenceClass">
                <P Name="MappedTo" Class="char">StorageClass</P>
                <P Name="StorageClass" Class="double">[]</P>
                <P Name="CSCAttributes" Class="char"/>
                <P Name="MemorySection" Class="double">[]</P>
                <P Name="Identifier" Class="char"/>
              </Object>
              <P Name="BlockSID" Class="char">2317</P>
            </Object>
            <Object ObjectID="107">
              <P Name="StateIdentifier" Class="int32">0</P>
              <P Name="Identifier" Class="int32">0</P>
              <Object Reference="true" PropName="ParentMapping" ObjectID="79"/>
              <Object PropName="MappedTo" ObjectID="108" ClassName="Simulink.DataReferenceClass">
                <P Name="MappedTo" Class="char">StorageClass</P>
                <P Name="StorageClass" Class="double">[]</P>
                <P Name="CSCAttributes" Class="char"/>
                <P Name="MemorySection" Class="double">[]</P>
                <P Name="Identifier" Class="char"/>
              </Object>
              <P Name="BlockSID" Class="char">2350</P>
            </Object>
            <Object ObjectID="109">
              <P Name="StateIdentifier" Class="int32">0</P>
              <P Name="Identifier" Class="int32">0</P>
              <Object Reference="true" PropName="ParentMapping" ObjectID="79"/>
              <Object PropName="MappedTo" ObjectID="110" ClassName="Simulink.DataReferenceClass">
                <P Name="MappedTo" Class="char">StorageClass</P>
                <P Name="StorageClass" Class="double">[]</P>
                <P Name="CSCAttributes" Class="char"/>
                <P Name="MemorySection" Class="double">[]</P>
                <P Name="Identifier" Class="char"/>
              </Object>
              <P Name="BlockSID" Class="char">2375</P>
            </Object>
            <Object ObjectID="111">
              <P Name="StateIdentifier" Class="int32">0</P>
              <P Name="Identifier" Class="int32">0</P>
              <Object Reference="true" PropName="ParentMapping" ObjectID="79"/>
              <Object PropName="MappedTo" ObjectID="112" ClassName="Simulink.DataReferenceClass">
                <P Name="MappedTo" Class="char">StorageClass</P>
                <P Name="StorageClass" Class="double">[]</P>
                <P Name="CSCAttributes" Class="char"/>
                <P Name="MemorySection" Class="double">[]</P>
                <P Name="Identifier" Class="char"/>
              </Object>
              <P Name="BlockSID" Class="char">2376</P>
            </Object>
            <Object ObjectID="113">
              <P Name="StateIdentifier" Class="int32">0</P>
              <P Name="Identifier" Class="int32">0</P>
              <Object Reference="true" PropName="ParentMapping" ObjectID="79"/>
              <Object PropName="MappedTo" ObjectID="114" ClassName="Simulink.DataReferenceClass">
                <P Name="MappedTo" Class="char">StorageClass</P>
                <P Name="StorageClass" Class="double">[]</P>
                <P Name="CSCAttributes" Class="char"/>
                <P Name="MemorySection" Class="double">[]</P>
                <P Name="Identifier" Class="char"/>
              </Object>
              <P Name="BlockSID" Class="char">2442</P>
            </Object>
            <Object ObjectID="115">
              <P Name="StateIdentifier" Class="int32">0</P>
              <P Name="Identifier" Class="int32">0</P>
              <Object Reference="true" PropName="ParentMapping" ObjectID="79"/>
              <Object PropName="MappedTo" ObjectID="116" ClassName="Simulink.DataReferenceClass">
                <P Name="MappedTo" Class="char">StorageClass</P>
                <P Name="StorageClass" Class="double">[]</P>
                <P Name="CSCAttributes" Class="char"/>
                <P Name="MemorySection" Class="double">[]</P>
                <P Name="Identifier" Class="char"/>
              </Object>
              <P Name="BlockSID" Class="char">2461</P>
            </Object>
            <Object ObjectID="117">
              <P Name="StateIdentifier" Class="int32">0</P>
              <P Name="Identifier" Class="int32">0</P>
              <Object Reference="true" PropName="ParentMapping" ObjectID="79"/>
              <Object PropName="MappedTo" ObjectID="118" ClassName="Simulink.DataReferenceClass">
                <P Name="MappedTo" Class="char">StorageClass</P>
                <P Name="StorageClass" Class="double">[]</P>
                <P Name="CSCAttributes" Class="char"/>
                <P Name="MemorySection" Class="double">[]</P>
                <P Name="Identifier" Class="char"/>
              </Object>
              <P Name="BlockSID" Class="char">2478</P>
            </Object>
            <Object ObjectID="119">
              <P Name="StateIdentifier" Class="int32">0</P>
              <P Name="Identifier" Class="int32">0</P>
              <Object Reference="true" PropName="ParentMapping" ObjectID="79"/>
              <Object PropName="MappedTo" ObjectID="120" ClassName="Simulink.DataReferenceClass">
                <P Name="MappedTo" Class="char">StorageClass</P>
                <P Name="StorageClass" Class="double">[]</P>
                <P Name="CSCAttributes" Class="char"/>
                <P Name="MemorySection" Class="double">[]</P>
                <P Name="Identifier" Class="char"/>
              </Object>
              <P Name="BlockSID" Class="char">2479</P>
            </Object>
            <Object ObjectID="121">
              <P Name="StateIdentifier" Class="int32">0</P>
              <P Name="Identifier" Class="int32">0</P>
              <Object Reference="true" PropName="ParentMapping" ObjectID="79"/>
              <Object PropName="MappedTo" ObjectID="122" ClassName="Simulink.DataReferenceClass">
                <P Name="MappedTo" Class="char">StorageClass</P>
                <P Name="StorageClass" Class="double">[]</P>
                <P Name="CSCAttributes" Class="char"/>
                <P Name="MemorySection" Class="double">[]</P>
                <P Name="Identifier" Class="char"/>
              </Object>
              <P Name="BlockSID" Class="char">2480</P>
            </Object>
            <Object ObjectID="123">
              <P Name="StateIdentifier" Class="int32">0</P>
              <P Name="Identifier" Class="int32">0</P>
              <Object Reference="true" PropName="ParentMapping" ObjectID="79"/>
              <Object PropName="MappedTo" ObjectID="124" ClassName="Simulink.DataReferenceClass">
                <P Name="MappedTo" Class="char">StorageClass</P>
                <P Name="StorageClass" Class="double">[]</P>
                <P Name="CSCAttributes" Class="char"/>
                <P Name="MemorySection" Class="double">[]</P>
                <P Name="Identifier" Class="char"/>
              </Object>
              <P Name="BlockSID" Class="char">2481</P>
            </Object>
            <Object ObjectID="125">
              <P Name="StateIdentifier" Class="int32">0</P>
              <P Name="Identifier" Class="int32">0</P>
              <Object Reference="true" PropName="ParentMapping" ObjectID="79"/>
              <Object PropName="MappedTo" ObjectID="126" ClassName="Simulink.DataReferenceClass">
                <P Name="MappedTo" Class="char">StorageClass</P>
                <P Name="StorageClass" Class="double">[]</P>
                <P Name="CSCAttributes" Class="char"/>
                <P Name="MemorySection" Class="double">[]</P>
                <P Name="Identifier" Class="char"/>
              </Object>
              <P Name="BlockSID" Class="char">2607</P>
            </Object>
            <Object ObjectID="127">
              <P Name="StateIdentifier" Class="int32">0</P>
              <P Name="Identifier" Class="int32">0</P>
              <Object Reference="true" PropName="ParentMapping" ObjectID="79"/>
              <Object PropName="MappedTo" ObjectID="128" ClassName="Simulink.DataReferenceClass">
                <P Name="MappedTo" Class="char">StorageClass</P>
                <P Name="StorageClass" Class="double">[]</P>
                <P Name="CSCAttributes" Class="char"/>
                <P Name="MemorySection" Class="double">[]</P>
                <P Name="Identifier" Class="char"/>
              </Object>
              <P Name="BlockSID" Class="char">2631</P>
            </Object>
            <Object ObjectID="129">
              <P Name="StateIdentifier" Class="int32">0</P>
              <P Name="Identifier" Class="int32">0</P>
              <Object Reference="true" PropName="ParentMapping" ObjectID="79"/>
              <Object PropName="MappedTo" ObjectID="130" ClassName="Simulink.DataReferenceClass">
                <P Name="MappedTo" Class="char">StorageClass</P>
                <P Name="StorageClass" Class="double">[]</P>
                <P Name="CSCAttributes" Class="char"/>
                <P Name="MemorySection" Class="double">[]</P>
                <P Name="Identifier" Class="char"/>
              </Object>
              <P Name="BlockSID" Class="char">2660</P>
            </Object>
            <Object ObjectID="131">
              <P Name="StateIdentifier" Class="int32">0</P>
              <P Name="Identifier" Class="int32">0</P>
              <Object Reference="true" PropName="ParentMapping" ObjectID="79"/>
              <Object PropName="MappedTo" ObjectID="132" ClassName="Simulink.DataReferenceClass">
                <P Name="MappedTo" Class="char">StorageClass</P>
                <P Name="StorageClass" Class="double">[]</P>
                <P Name="CSCAttributes" Class="char"/>
                <P Name="MemorySection" Class="double">[]</P>
                <P Name="Identifier" Class="char"/>
              </Object>
              <P Name="BlockSID" Class="char">2260:843</P>
            </Object>
            <Object ObjectID="133">
              <P Name="StateIdentifier" Class="int32">0</P>
              <P Name="Identifier" Class="int32">0</P>
              <Object Reference="true" PropName="ParentMapping" ObjectID="79"/>
              <Object PropName="MappedTo" ObjectID="134" ClassName="Simulink.DataReferenceClass">
                <P Name="MappedTo" Class="char">StorageClass</P>
                <P Name="StorageClass" Class="double">[]</P>
                <P Name="CSCAttributes" Class="char"/>
                <P Name="MemorySection" Class="double">[]</P>
                <P Name="Identifier" Class="char"/>
              </Object>
              <P Name="BlockSID" Class="char">2260:737</P>
            </Object>
            <Object ObjectID="135">
              <P Name="StateIdentifier" Class="int32">0</P>
              <P Name="Identifier" Class="int32">0</P>
              <Object Reference="true" PropName="ParentMapping" ObjectID="79"/>
              <Object PropName="MappedTo" ObjectID="136" ClassName="Simulink.DataReferenceClass">
                <P Name="MappedTo" Class="char">StorageClass</P>
                <P Name="StorageClass" Class="double">[]</P>
                <P Name="CSCAttributes" Class="char"/>
                <P Name="MemorySection" Class="double">[]</P>
                <P Name="Identifier" Class="char"/>
              </Object>
              <P Name="BlockSID" Class="char">2260:723</P>
            </Object>
            <Object ObjectID="137">
              <P Name="StateIdentifier" Class="int32">0</P>
              <P Name="Identifier" Class="int32">0</P>
              <Object Reference="true" PropName="ParentMapping" ObjectID="79"/>
              <Object PropName="MappedTo" ObjectID="138" ClassName="Simulink.DataReferenceClass">
                <P Name="MappedTo" Class="char">StorageClass</P>
                <P Name="StorageClass" Class="double">[]</P>
                <P Name="CSCAttributes" Class="char"/>
                <P Name="MemorySection" Class="double">[]</P>
                <P Name="Identifier" Class="char"/>
              </Object>
              <P Name="BlockSID" Class="char">2260:748</P>
            </Object>
            <Object ObjectID="139">
              <P Name="StateIdentifier" Class="int32">0</P>
              <P Name="Identifier" Class="int32">0</P>
              <Object Reference="true" PropName="ParentMapping" ObjectID="79"/>
              <Object PropName="MappedTo" ObjectID="140" ClassName="Simulink.DataReferenceClass">
                <P Name="MappedTo" Class="char">StorageClass</P>
                <P Name="StorageClass" Class="double">[]</P>
                <P Name="CSCAttributes" Class="char"/>
                <P Name="MemorySection" Class="double">[]</P>
                <P Name="Identifier" Class="char"/>
              </Object>
              <P Name="BlockSID" Class="char">2301:843</P>
            </Object>
          </Array>
          <Object PropName="DefaultsMapping" ObjectID="141" ClassName="Simulink.CoderDictionary.DefaultsMapping">
            <Object Reference="true" PropName="ParentMapping" ObjectID="79"/>
            <Object PropName="Inports" ObjectID="142" ClassName="Simulink.DataReferenceClass">
              <P Name="MappedTo" Class="char">StorageClass</P>
              <P Name="StorageClass" Class="double">[]</P>
              <P Name="CSCAttributes" Class="char"/>
              <P Name="MemorySection" Class="double">[]</P>
              <P Name="Identifier" Class="char"/>
            </Object>
            <Object PropName="Outports" ObjectID="143" ClassName="Simulink.DataReferenceClass">
              <P Name="MappedTo" Class="char">StorageClass</P>
              <P Name="StorageClass" Class="double">[]</P>
              <P Name="CSCAttributes" Class="char"/>
              <P Name="MemorySection" Class="double">[]</P>
              <P Name="Identifier" Class="char"/>
            </Object>
            <Object PropName="GlobalParameters" ObjectID="144" ClassName="Simulink.DataReferenceClass">
              <P Name="MappedTo" Class="char">StorageClass</P>
              <P Name="StorageClass" Class="double">[]</P>
              <P Name="CSCAttributes" Class="char"/>
              <P Name="MemorySection" Class="double">[]</P>
              <P Name="Identifier" Class="char"/>
            </Object>
            <Object PropName="SharedParameters" ObjectID="145" ClassName="Simulink.DataReferenceClass">
              <P Name="MappedTo" Class="char">StorageClass</P>
              <P Name="StorageClass" Class="double">[]</P>
              <P Name="CSCAttributes" Class="char"/>
              <P Name="MemorySection" Class="double">[]</P>
              <P Name="Identifier" Class="char"/>
            </Object>
            <Object PropName="PerInstanceParameters" ObjectID="146" ClassName="Simulink.DataReferenceClass">
              <P Name="MappedTo" Class="char">StorageClass</P>
              <P Name="StorageClass" Class="double">[]</P>
              <P Name="CSCAttributes" Class="char"/>
              <P Name="MemorySection" Class="double">[]</P>
              <P Name="Identifier" Class="char"/>
            </Object>
            <Object PropName="SharedLocalDataStores" ObjectID="147" ClassName="Simulink.DataReferenceClass">
              <P Name="MappedTo" Class="char">StorageClass</P>
              <P Name="StorageClass" Class="double">[]</P>
              <P Name="CSCAttributes" Class="char"/>
              <P Name="MemorySection" Class="double">[]</P>
              <P Name="Identifier" Class="char"/>
            </Object>
            <Object PropName="GlobalDataStores" ObjectID="148" ClassName="Simulink.DataReferenceClass">
              <P Name="MappedTo" Class="char">StorageClass</P>
              <P Name="StorageClass" Class="double">[]</P>
              <P Name="CSCAttributes" Class="char"/>
              <P Name="MemorySection" Class="double">[]</P>
              <P Name="Identifier" Class="char"/>
            </Object>
            <Object PropName="InternalData" ObjectID="149" ClassName="Simulink.DataReferenceClass">
              <P Name="MappedTo" Class="char">StorageClass</P>
              <P Name="StorageClass" Class="double">[]</P>
              <P Name="CSCAttributes" Class="char"/>
              <P Name="MemorySection" Class="double">[]</P>
              <P Name="Identifier" Class="char"/>
            </Object>
            <Object PropName="Constants" ObjectID="150" ClassName="Simulink.DataReferenceClass">
              <P Name="MappedTo" Class="char">StorageClass</P>
              <P Name="StorageClass" Class="double">[]</P>
              <P Name="CSCAttributes" Class="char"/>
              <P Name="MemorySection" Class="double">[]</P>
              <P Name="Identifier" Class="char"/>
            </Object>
            <Object PropName="InitTermFunctions" ObjectID="151" ClassName="Simulink.FunctionReferenceClass">
              <P Name="FunctionClass" Class="double">[]</P>
              <P Name="MemorySection" Class="double">[]</P>
            </Object>
            <Object PropName="ExecutionFunctions" ObjectID="152" ClassName="Simulink.FunctionReferenceClass">
              <P Name="FunctionClass" Class="double">[]</P>
              <P Name="MemorySection" Class="double">[]</P>
            </Object>
            <Object PropName="SharedUtilityFunctions" ObjectID="153" ClassName="Simulink.FunctionReferenceClass">
              <P Name="FunctionClass" Class="double">[]</P>
              <P Name="MemorySection" Class="double">[]</P>
            </Object>
          </Object>
          <P Name="Name" Class="char">flightControlSystem_SLC</P>
          <P Name="Active" Class="logical">1</P>
        </Object>
      </Array>
    </ConcurrentExecutionSettings>
    <System Ref="system_root"/>
  </Model>
</ModelInformation>
