<?xml version="1.0" encoding="utf-8"?>
<GraphicalInterface>
  <P Name="NumRootInports">3</P>
  <Inport Name="AC cmd">
    <P Name="BusObject">CommandBus</P>
    <P Name="SignalName">cmd</P>
    <P Name="OutputFunctionCall">off</P>
    <P Name="SampleTime">-1</P>
    <P Name="UnitExpr">inherit</P>
    <P Name="DataTypeExpr">CommandBus</P>
    <P Name="ComplexityExpr">0</P>
  </Inport>
  <Inport Name="Sensors">
    <P Name="BusObject">SensorsBus</P>
    <P Name="SignalName">sensors</P>
    <P Name="OutputFunctionCall">off</P>
    <P Name="SampleTime">-1</P>
    <P Name="UnitExpr">inherit</P>
    <P Name="DataTypeExpr">SensorsBus</P>
    <P Name="ComplexityExpr">0</P>
  </Inport>
  <Inport Name="Image Data">
    <P Name="BusObject"/>
    <P Name="SignalName">Y1UY2V</P>
    <P Name="OutputFunctionCall">off</P>
    <P Name="SampleTime">-1</P>
    <P Name="UnitExpr">inherit</P>
    <P Name="DataTypeExpr">uint8</P>
    <P Name="DimensionsExpr">[4,9600]</P>
  </Inport>
  <P Name="NumRootOutports">2</P>
  <Outport Name="Actuators">
    <P Name="BusObject"/>
    <P Name="BusOutputAsStruct">off</P>
    <P Name="SignalName">motors</P>
    <P Name="UnitExpr">inherit</P>
    <P Name="DataTypeExpr">single</P>
    <P Name="DimensionsExpr">[4]</P>
  </Outport>
  <Outport Name="Flag">
    <P Name="BusObject"/>
    <P Name="BusOutputAsStruct">off</P>
    <P Name="SignalName">flag</P>
    <P Name="UnitExpr">inherit</P>
    <P Name="DataTypeExpr">uint8</P>
    <P Name="DimensionsExpr">[1]</P>
  </Outport>
  <P Name="ParameterArgumentNames"/>
  <P Name="NumModelReferences">0</P>
  <P Name="NumTestPointedSignals">1</P>
  <TestPointedSignal>
    <P Name="SignalName">&lt;X&gt;</P>
    <P Name="FullBlockPath">$bdroot/Control System/Path Planning/Bus Selector1</P>
    <P Name="LogSignal">1</P>
    <P Name="MaxPoints">5000</P>
    <P Name="Decimation">2</P>
  </TestPointedSignal>
  <P Name="NumProvidedFunctions">0</P>
  <P Name="NumRequiredFunctions">0</P>
  <P Name="NumResetEvents">0</P>
  <P Name="HasInitializeEvent">0</P>
  <P Name="HasTerminateEvent">0</P>
  <P Name="PreCompExecutionDomainType">Unset</P>
  <P Name="IsExportFunctionModel">0</P>
  <P Name="SimulinkSubDomainType">Simulink</P>
  <P Name="NumParameterArguments">0</P>
  <P Name="NumExternalFileReferences">51</P>
  <ExternalFileReference>
    <P Name="Reference">simulink/Logic and Bit
Operations/Compare
To Constant</P>
    <P Name="Path">$bdroot/Control System/Controller/Altitude Controller/Compare To Constant</P>
    <P Name="SID">2239</P>
    <P Name="Type">LIBRARY_BLOCK</P>
  </ExternalFileReference>
  <ExternalFileReference>
    <P Name="Reference">simulink/Sources/Counter
Free-Running</P>
    <P Name="Path">$bdroot/Control System/Controller/Altitude Controller/Counter Free-Running</P>
    <P Name="SID">2240</P>
    <P Name="Type">LIBRARY_BLOCK</P>
  </ExternalFileReference>
  <ExternalFileReference>
    <P Name="Reference">pid_lib/PID Controller</P>
    <P Name="Path">$bdroot/Control System/Controller/Attitude Controller/Angle control loop</P>
    <P Name="SID">2259</P>
    <P Name="Type">LIBRARY_BLOCK</P>
  </ExternalFileReference>
  <ExternalFileReference>
    <P Name="Reference">pid_lib/PID Controller</P>
    <P Name="Path">$bdroot/Control System/Controller/Attitude Controller/Angular velocity control loop</P>
    <P Name="SID">2260</P>
    <P Name="Type">LIBRARY_BLOCK</P>
  </ExternalFileReference>
  <ExternalFileReference>
    <P Name="Reference">simulink/Signal
Routing/Environment
Controller</P>
    <P Name="Path">$bdroot/Control System/Controller/ControlMixer/Environment Controller</P>
    <P Name="SID">2279</P>
    <P Name="Type">LIBRARY_BLOCK</P>
  </ExternalFileReference>
  <ExternalFileReference>
    <P Name="Reference">pid_lib/PID Controller</P>
    <P Name="Path">$bdroot/Control System/Controller/Position Controller/Position controller</P>
    <P Name="SID">2297</P>
    <P Name="Type">LIBRARY_BLOCK</P>
  </ExternalFileReference>
  <ExternalFileReference>
    <P Name="Reference">pid_lib/PID Controller</P>
    <P Name="Path">$bdroot/Control System/Controller/Position Controller/Velocity controller</P>
    <P Name="SID">2301</P>
    <P Name="Type">LIBRARY_BLOCK</P>
  </ExternalFileReference>
  <ExternalFileReference>
    <P Name="Reference">simulink/Logic and Bit
Operations/Compare
To Constant</P>
    <P Name="Path">$bdroot/Control System/Crash Predictor Flags/50 continuous  OF errors </P>
    <P Name="SID">2159</P>
    <P Name="Type">LIBRARY_BLOCK</P>
  </ExternalFileReference>
  <ExternalFileReference>
    <P Name="Reference">simulink/Logic and Bit
Operations/Compare
To Constant</P>
    <P Name="Path">$bdroot/Control System/Crash Predictor Flags/Check error condition</P>
    <P Name="SID">2172</P>
    <P Name="Type">LIBRARY_BLOCK</P>
  </ExternalFileReference>
  <ExternalFileReference>
    <P Name="Reference">simulink/Logic and Bit
Operations/Compare
To Constant</P>
    <P Name="Path">$bdroot/Control System/Crash Predictor Flags/Compare To Constant</P>
    <P Name="SID">2173</P>
    <P Name="Type">LIBRARY_BLOCK</P>
  </ExternalFileReference>
  <ExternalFileReference>
    <P Name="Reference">simulink/Logic and Bit
Operations/Compare
To Constant</P>
    <P Name="Path">$bdroot/Control System/Crash Predictor Flags/Compare To Constant1</P>
    <P Name="SID">2174</P>
    <P Name="Type">LIBRARY_BLOCK</P>
  </ExternalFileReference>
  <ExternalFileReference>
    <P Name="Reference">simulink/Logic and Bit
Operations/Compare
To Constant</P>
    <P Name="Path">$bdroot/Control System/Crash Predictor Flags/Compare To Constant2</P>
    <P Name="SID">2175</P>
    <P Name="Type">LIBRARY_BLOCK</P>
  </ExternalFileReference>
  <ExternalFileReference>
    <P Name="Reference">simulink/Logic and Bit
Operations/Compare
To Constant</P>
    <P Name="Path">$bdroot/Control System/Crash Predictor Flags/Compare To Constant3</P>
    <P Name="SID">2176</P>
    <P Name="Type">LIBRARY_BLOCK</P>
  </ExternalFileReference>
  <ExternalFileReference>
    <P Name="Reference">simulink/Logic and Bit
Operations/Compare
To Constant</P>
    <P Name="Path">$bdroot/Control System/Crash Predictor Flags/Compare To Constant4</P>
    <P Name="SID">2177</P>
    <P Name="Type">LIBRARY_BLOCK</P>
  </ExternalFileReference>
  <ExternalFileReference>
    <P Name="Reference">simulink/Logic and Bit
Operations/Compare
To Constant</P>
    <P Name="Path">$bdroot/Control System/Crash Predictor Flags/Compare To Constant5</P>
    <P Name="SID">2178</P>
    <P Name="Type">LIBRARY_BLOCK</P>
  </ExternalFileReference>
  <ExternalFileReference>
    <P Name="Reference">simulink/Sources/Counter
Free-Running</P>
    <P Name="Path">$bdroot/Control System/Crash Predictor Flags/Counter Free-Running</P>
    <P Name="SID">2179</P>
    <P Name="Type">LIBRARY_BLOCK</P>
  </ExternalFileReference>
  <ExternalFileReference>
    <P Name="Reference">ctrlSharedLib/Kalman Filter</P>
    <P Name="Path">$bdroot/Control System/State Estimator/Altitude Estimator/KalmanFilter_altitude</P>
    <P Name="SID">2352</P>
    <P Name="Type">LIBRARY_BLOCK</P>
  </ExternalFileReference>
  <ExternalFileReference>
    <P Name="Reference">simulink/Logic and Bit
Operations/Compare
To Constant</P>
    <P Name="Path">$bdroot/Control System/State Estimator/Altitude Estimator/OutlierHandling/check for min altitude</P>
    <P Name="SID">2368</P>
    <P Name="Type">LIBRARY_BLOCK</P>
  </ExternalFileReference>
  <ExternalFileReference>
    <P Name="Reference">simulink/Logic and Bit
Operations/Compare
To Constant</P>
    <P Name="Path">$bdroot/Control System/State Estimator/Altitude Estimator/OutlierHandling/currentEstimateVeryOffFromPressure</P>
    <P Name="SID">2369</P>
    <P Name="Type">LIBRARY_BLOCK</P>
  </ExternalFileReference>
  <ExternalFileReference>
    <P Name="Reference">simulink/Logic and Bit
Operations/Compare
To Constant</P>
    <P Name="Path">$bdroot/Control System/State Estimator/Altitude Estimator/OutlierHandling/currentStateVeryOffsonarflt</P>
    <P Name="SID">2370</P>
    <P Name="Type">LIBRARY_BLOCK</P>
  </ExternalFileReference>
  <ExternalFileReference>
    <P Name="Reference">simulink/Logic and Bit
Operations/Compare
To Constant</P>
    <P Name="Path">$bdroot/Control System/State Estimator/Altitude Estimator/OutlierHandling/outlierJump</P>
    <P Name="SID">2374</P>
    <P Name="Type">LIBRARY_BLOCK</P>
  </ExternalFileReference>
  <ExternalFileReference>
    <P Name="Reference">sharedtransform/Rotation Angles to
Direction Cosine Matrix</P>
    <P Name="Path">$bdroot/Control System/State Estimator/Altitude Estimator/Rotation Angles to Direction Cosine Matrix</P>
    <P Name="SID">2381</P>
    <P Name="Type">LIBRARY_BLOCK</P>
  </ExternalFileReference>
  <ExternalFileReference>
    <P Name="Reference">simulink/Logic and Bit
Operations/Compare
To Constant</P>
    <P Name="Path">$bdroot/Control System/State Estimator/Altitude Estimator/outlierBelowFloor</P>
    <P Name="SID">2387</P>
    <P Name="Type">LIBRARY_BLOCK</P>
  </ExternalFileReference>
  <ExternalFileReference>
    <P Name="Reference">simulink/Logic and Bit
Operations/Compare
To Constant</P>
    <P Name="Path">$bdroot/Control System/State Estimator/Attitude Estimator/Compare To Constant</P>
    <P Name="SID">2395</P>
    <P Name="Type">LIBRARY_BLOCK</P>
  </ExternalFileReference>
  <ExternalFileReference>
    <P Name="Reference">simulink/Logic and Bit
Operations/Compare
To Constant</P>
    <P Name="Path">$bdroot/Control System/State Estimator/Attitude Estimator/Compare To Constant1</P>
    <P Name="SID">2396</P>
    <P Name="Type">LIBRARY_BLOCK</P>
  </ExternalFileReference>
  <ExternalFileReference>
    <P Name="Reference">ctrlSharedLib/Kalman Filter</P>
    <P Name="Path">$bdroot/Control System/State Estimator/Attitude Estimator/Pitch_Kalman/Kalman Filter</P>
    <P Name="SID">2410</P>
    <P Name="Type">LIBRARY_BLOCK</P>
  </ExternalFileReference>
  <ExternalFileReference>
    <P Name="Reference">ctrlSharedLib/Kalman Filter</P>
    <P Name="Path">$bdroot/Control System/State Estimator/Attitude Estimator/Roll_Kalman/Kalman Filter</P>
    <P Name="SID">2428</P>
    <P Name="Type">LIBRARY_BLOCK</P>
  </ExternalFileReference>
  <ExternalFileReference>
    <P Name="Reference">simulink/Logic and Bit
Operations/Compare
To Constant</P>
    <P Name="Path">$bdroot/Control System/State Estimator/SensorPreprocessing/Temperature Compensation/Compare To Constant</P>
    <P Name="SID">2492</P>
    <P Name="Type">LIBRARY_BLOCK</P>
  </ExternalFileReference>
  <ExternalFileReference>
    <P Name="Reference">simulink/Sources/Counter
Free-Running</P>
    <P Name="Path">$bdroot/Control System/State Estimator/SensorPreprocessing/Temperature Compensation/Counter Free-Running</P>
    <P Name="SID">2494</P>
    <P Name="Type">LIBRARY_BLOCK</P>
  </ExternalFileReference>
  <ExternalFileReference>
    <P Name="Reference">simulink/Logic and Bit
Operations/Compare
To Constant</P>
    <P Name="Path">$bdroot/Control System/State Estimator/XY Position Estimator/EstimatorVelocity/AccelerationHandling/Deactivate Acceleration If OF is not used due to low altitude</P>
    <P Name="SID">2557</P>
    <P Name="Type">LIBRARY_BLOCK</P>
  </ExternalFileReference>
  <ExternalFileReference>
    <P Name="Reference">sharedtransform/Rotation Angles to
Direction Cosine Matrix</P>
    <P Name="Path">$bdroot/Control System/State Estimator/XY Position Estimator/EstimatorVelocity/AccelerationHandling/Rotation Angles to Direction Cosine Matrix</P>
    <P Name="SID">2562</P>
    <P Name="Type">LIBRARY_BLOCK</P>
  </ExternalFileReference>
  <ExternalFileReference>
    <P Name="Reference">simulink/Logic and Bit
Operations/Compare
To Constant</P>
    <P Name="Path">$bdroot/Control System/State Estimator/XY Position Estimator/EstimatorVelocity/AccelerationHandling/do not use acc if optical flow never available (Note OF@60Hz but ZOH to 200!)</P>
    <P Name="SID">2566</P>
    <P Name="Type">LIBRARY_BLOCK</P>
  </ExternalFileReference>
  <ExternalFileReference>
    <P Name="Reference">simulink/Logic and Bit
Operations/Compare
To Constant</P>
    <P Name="Path">$bdroot/Control System/State Estimator/XY Position Estimator/EstimatorVelocity/AccelerationHandling/do not use acc if optical flow never available (Note OF@60Hz but ZOH to 200!)1</P>
    <P Name="SID">2567</P>
    <P Name="Type">LIBRARY_BLOCK</P>
  </ExternalFileReference>
  <ExternalFileReference>
    <P Name="Reference">simulink/Discrete/Discrete Derivative</P>
    <P Name="Path">$bdroot/Control System/State Estimator/XY Position Estimator/EstimatorVelocity/DataHandling/DiscreteDerivative</P>
    <P Name="SID">2606</P>
    <P Name="Type">LIBRARY_BLOCK</P>
  </ExternalFileReference>
  <ExternalFileReference>
    <P Name="Reference">simulink/Logic and Bit
Operations/Compare
To Constant</P>
    <P Name="Path">$bdroot/Control System/State Estimator/XY Position Estimator/EstimatorVelocity/DataHandling/maxdw1</P>
    <P Name="SID">2614</P>
    <P Name="Type">LIBRARY_BLOCK</P>
  </ExternalFileReference>
  <ExternalFileReference>
    <P Name="Reference">simulink/Logic and Bit
Operations/Compare
To Constant</P>
    <P Name="Path">$bdroot/Control System/State Estimator/XY Position Estimator/EstimatorVelocity/DataHandling/maxdw2</P>
    <P Name="SID">2615</P>
    <P Name="Type">LIBRARY_BLOCK</P>
  </ExternalFileReference>
  <ExternalFileReference>
    <P Name="Reference">simulink/Logic and Bit
Operations/Compare
To Constant</P>
    <P Name="Path">$bdroot/Control System/State Estimator/XY Position Estimator/EstimatorVelocity/DataHandling/maxp</P>
    <P Name="SID">2616</P>
    <P Name="Type">LIBRARY_BLOCK</P>
  </ExternalFileReference>
  <ExternalFileReference>
    <P Name="Reference">simulink/Logic and Bit
Operations/Compare
To Constant</P>
    <P Name="Path">$bdroot/Control System/State Estimator/XY Position Estimator/EstimatorVelocity/DataHandling/maxp2</P>
    <P Name="SID">2617</P>
    <P Name="Type">LIBRARY_BLOCK</P>
  </ExternalFileReference>
  <ExternalFileReference>
    <P Name="Reference">simulink/Logic and Bit
Operations/Compare
To Constant</P>
    <P Name="Path">$bdroot/Control System/State Estimator/XY Position Estimator/EstimatorVelocity/DataHandling/maxq</P>
    <P Name="SID">2618</P>
    <P Name="Type">LIBRARY_BLOCK</P>
  </ExternalFileReference>
  <ExternalFileReference>
    <P Name="Reference">simulink/Logic and Bit
Operations/Compare
To Constant</P>
    <P Name="Path">$bdroot/Control System/State Estimator/XY Position Estimator/EstimatorVelocity/DataHandling/maxq2</P>
    <P Name="SID">2619</P>
    <P Name="Type">LIBRARY_BLOCK</P>
  </ExternalFileReference>
  <ExternalFileReference>
    <P Name="Reference">simulink/Logic and Bit
Operations/Compare
To Constant</P>
    <P Name="Path">$bdroot/Control System/State Estimator/XY Position Estimator/EstimatorVelocity/DataHandling/maxw1</P>
    <P Name="SID">2620</P>
    <P Name="Type">LIBRARY_BLOCK</P>
  </ExternalFileReference>
  <ExternalFileReference>
    <P Name="Reference">simulink/Logic and Bit
Operations/Compare
To Constant</P>
    <P Name="Path">$bdroot/Control System/State Estimator/XY Position Estimator/EstimatorVelocity/DataHandling/maxw2</P>
    <P Name="SID">2621</P>
    <P Name="Type">LIBRARY_BLOCK</P>
  </ExternalFileReference>
  <ExternalFileReference>
    <P Name="Reference">simulink/Logic and Bit
Operations/Compare
To Constant</P>
    <P Name="Path">$bdroot/Control System/State Estimator/XY Position Estimator/EstimatorVelocity/DataHandling/maxw3</P>
    <P Name="SID">2622</P>
    <P Name="Type">LIBRARY_BLOCK</P>
  </ExternalFileReference>
  <ExternalFileReference>
    <P Name="Reference">simulink/Logic and Bit
Operations/Compare
To Constant</P>
    <P Name="Path">$bdroot/Control System/State Estimator/XY Position Estimator/EstimatorVelocity/DataHandling/maxw4</P>
    <P Name="SID">2623</P>
    <P Name="Type">LIBRARY_BLOCK</P>
  </ExternalFileReference>
  <ExternalFileReference>
    <P Name="Reference">simulink/Logic and Bit
Operations/Compare
To Constant</P>
    <P Name="Path">$bdroot/Control System/State Estimator/XY Position Estimator/EstimatorVelocity/DataHandling/minHeightforOF</P>
    <P Name="SID">2624</P>
    <P Name="Type">LIBRARY_BLOCK</P>
  </ExternalFileReference>
  <ExternalFileReference>
    <P Name="Reference">ctrlSharedLib/Kalman Filter</P>
    <P Name="Path">$bdroot/Control System/State Estimator/XY Position Estimator/EstimatorVelocity/KalmanFilter_dxdy</P>
    <P Name="SID">2632</P>
    <P Name="Type">LIBRARY_BLOCK</P>
  </ExternalFileReference>
  <ExternalFileReference>
    <P Name="Reference">simulink/Logic and Bit
Operations/Compare
To Constant</P>
    <P Name="Path">$bdroot/Control System/State Estimator/XY Position Estimator/EstimatorVelocity/xy velocity w//o angular velocity compensation/Compare To Constant</P>
    <P Name="SID">2640</P>
    <P Name="Type">LIBRARY_BLOCK</P>
  </ExternalFileReference>
  <ExternalFileReference>
    <P Name="Reference">simulink/Sources/Counter
Free-Running</P>
    <P Name="Path">$bdroot/Control System/State Estimator/XY Position Estimator/EstimatorVelocity/xy velocity w//o angular velocity compensation/Counter Free-Running</P>
    <P Name="SID">2641</P>
    <P Name="Type">LIBRARY_BLOCK</P>
  </ExternalFileReference>
  <ExternalFileReference>
    <P Name="Reference">sharedtransform/Rotation Angles to
Direction Cosine Matrix</P>
    <P Name="Path">$bdroot/Control System/State Estimator/XY Position Estimator/EstimatorXYPosition/Rotation Angles to Direction Cosine Matrix</P>
    <P Name="SID">2658</P>
    <P Name="Type">LIBRARY_BLOCK</P>
  </ExternalFileReference>
  <ExternalFileReference>
    <P Name="Reference">parrotlib/PARROT Image Conversion</P>
    <P Name="Path">$bdroot/Image Processing System/PARROT Image Conversion</P>
    <P Name="SID">1064</P>
    <P Name="Type">LIBRARY_BLOCK</P>
  </ExternalFileReference>
  <ExternalFileReference>
    <P Name="Reference">simulink/Logic and Bit
Operations/Compare
To Constant</P>
    <P Name="Path">$bdroot/Image Processing System/Threshold for  total white pixels</P>
    <P Name="SID">1556</P>
    <P Name="Type">LIBRARY_BLOCK</P>
  </ExternalFileReference>
  <P Name="OrderedModelArguments">1</P>
</GraphicalInterface>
