<?xml version="1.0" encoding="UTF-8"?>
<sltp_graph version="1.1" packageUris="http://schema.mathworks.com/mf0/sltp_mm/R2021a_202009111111">
  <sltp.mm.core.Context type="sltp.mm.core.Context" uuid="6dab4b28-1922-4afd-9cd7-f8e0dba83d90">
    <globalData type="sltp.mm.core.GlobalData" uuid="59740bb9-3c24-471c-b48a-20bfd9227978">
      <dataName>portAC cmd</dataName>
      <type>RootInport</type>
    </globalData>
    <globalData type="sltp.mm.core.GlobalData" uuid="53f0f8d0-e5fb-43e7-bf65-9c1fb2779f53">
      <dataName>portActuators</dataName>
      <type>RootOutport</type>
    </globalData>
    <globalData type="sltp.mm.core.GlobalData" uuid="0b6ff2e5-4575-4d1c-a930-7dbe49a4b46d">
      <dataName>portFlag</dataName>
      <type>RootOutport</type>
    </globalData>
    <globalData type="sltp.mm.core.GlobalData" uuid="8e997907-51cd-44f5-aa02-e086b17706b7">
      <dataName>portImage Data</dataName>
      <type>RootInport</type>
    </globalData>
    <globalData type="sltp.mm.core.GlobalData" uuid="333c8583-786d-4993-a928-1b48fd287ec9">
      <dataName>portSensors</dataName>
      <type>RootInport</type>
    </globalData>
    <priorityDirection>HighNumberLast</priorityDirection>
    <editorState type="sltp.mm.core.EditorState" uuid="15465efa-0e87-4aa8-a4ac-189b3059e54b">
      <isSynchronized>true</isSynchronized>
      <panelState type="sltp.mm.core.EditorPanelState" uuid="7f3476a3-2d9f-4498-8276-3e8bc471df0e"/>
    </editorState>
    <rootTask type="sltp.mm.core.Task" uuid="b109e84c-bd76-49a2-8637-a9655b8edeab">
      <context type="sltp.mm.core.Context" uuid="6dab4b28-1922-4afd-9cd7-f8e0dba83d90"/>
      <explicit>false</explicit>
      <name>Default</name>
      <priority>-2147483648</priority>
      <subgraph type="sltp.mm.core.Graph" uuid="4991b317-dd2b-4ae8-a558-9df5551cd351">
        <connections type="sltp.mm.core.Connection" uuid="9d5f1d2d-da57-45be-a1ad-d90c589d2f87">
          <dst type="sltp.mm.core.Task" uuid="5453b628-6b0a-46df-a5df-df8d0ab16953"/>
          <src type="sltp.mm.core.Task" uuid="006457e9-a99a-4cca-9281-18a1375a50e4"/>
        </connections>
        <tasks type="sltp.mm.core.Task" uuid="5453b628-6b0a-46df-a5df-df8d0ab16953">
          <context type="sltp.mm.core.Context" uuid="6dab4b28-1922-4afd-9cd7-f8e0dba83d90"/>
          <explicit>false</explicit>
          <id>1</id>
          <inConnections type="sltp.mm.core.Connection" uuid="9d5f1d2d-da57-45be-a1ad-d90c589d2f87"/>
          <isTimed>true</isTimed>
          <name>D1</name>
          <priority>40</priority>
          <rates type="sltp.mm.core.Rate" uuid="01eead15-81ae-4cac-a9f6-86c22a2652bf">
            <annotation>D1</annotation>
            <color>-436207361</color>
            <hasBlocks>true</hasBlocks>
            <rateSpec type="sltp.mm.core.RateSpec">
              <period>.005</period>
            </rateSpec>
            <sti>0</sti>
          </rates>
        </tasks>
        <tasks type="sltp.mm.core.Task" uuid="006457e9-a99a-4cca-9281-18a1375a50e4">
          <context type="sltp.mm.core.Context" uuid="6dab4b28-1922-4afd-9cd7-f8e0dba83d90"/>
          <explicit>false</explicit>
          <id>2</id>
          <isTimed>true</isTimed>
          <name>D2</name>
          <outConnections type="sltp.mm.core.Connection" uuid="9d5f1d2d-da57-45be-a1ad-d90c589d2f87"/>
          <priority>41</priority>
          <rates type="sltp.mm.core.Rate" uuid="d5a5a135-4101-4e82-adcc-d9a5981a203e">
            <annotation>D2</annotation>
            <color>13697279</color>
            <hasBlocks>true</hasBlocks>
            <rateSpec type="sltp.mm.core.RateSpec">
              <period>.2</period>
            </rateSpec>
            <sti>1</sti>
          </rates>
        </tasks>
      </subgraph>
    </rootTask>
  </sltp.mm.core.Context>
</sltp_graph>