<?xml version="1.0" encoding="UTF-8"?>
<MF0 version="1.1" defaultPackage="slid" packageUris="http://schema.mathworks.com/mf0/slid/R2020b_20191110">
  <System type="System" uuid="a502d8e6-e3fe-400c-a407-0a2cf92ac822">
    <Block type="Block" uuid="36c1ff50-bd5f-482e-ab11-04ce1a03fc58">
      <Sid>1</Sid>
    </Block>
    <Block type="Block" uuid="bfb19a94-da46-46c3-9020-60eedd5ed33e">
      <Sid>1132</Sid>
    </Block>
    <Block type="Block" uuid="4761ece1-069a-49b3-b0dd-c6be8cff5224">
      <Sid>1133</Sid>
    </Block>
    <Interface type="Interface" uuid="e473aa80-ce71-40ee-bdf2-29bf64c04a87"/>
  </System>
</MF0>