<?xml version="1.0" encoding="UTF-8"?>
<sltp_editor version="1.1" packageUris="http://schema.mathworks.com/mf0/DiagramEditor/R2019a_20181107 http://schema.mathworks.com/mf0/SltpSyntax/R2020b_202007092240">
  <diagram.editor.model.Diagram type="diagram.editor.model.Diagram" uuid="1545d48d-865e-4fd6-8baf-fb01a6508771">
    <connections type="diagram.editor.model.Connection" uuid="4215f17a-e39b-4582-aab4-7bc3a73068e2">
      <dstElement type="diagram.editor.model.Entity" uuid="d204409c-1bc1-4ed9-974c-231d372844e0"/>
      <srcElement type="diagram.editor.model.Entity" uuid="cb28e739-7a88-48d2-8e64-ef9fda8f41e3"/>
      <position>0,0</position>
      <size>0,0,0,0</size>
      <syntaxElement type="sltp.mm.syntax.Edge" uuid="dcc986ee-6ed7-4951-8652-0b0778be83c2"/>
      <type>graph.Edge</type>
    </connections>
    <connections type="diagram.editor.model.Connection" uuid="150569b3-b45b-4f8d-8051-f49f716a6299">
      <dstElement type="diagram.editor.model.Entity" uuid="cb28e739-7a88-48d2-8e64-ef9fda8f41e3"/>
      <srcElement type="diagram.editor.model.Entity" uuid="d46bc9d8-d757-44d6-99f1-aeb2ad20cb1d"/>
      <position>0,0</position>
      <size>0,0,0,0</size>
      <syntaxElement type="sltp.mm.syntax.Edge" uuid="252ed855-57cf-47b8-9736-921441d1bbd4"/>
      <type>graph.Edge</type>
    </connections>
    <entities type="diagram.editor.model.Entity" uuid="cb28e739-7a88-48d2-8e64-ef9fda8f41e3">
      <inConnections type="diagram.editor.model.Connection" uuid="150569b3-b45b-4f8d-8051-f49f716a6299"/>
      <outConnections type="diagram.editor.model.Connection" uuid="4215f17a-e39b-4582-aab4-7bc3a73068e2"/>
      <position>0,0</position>
      <size>0,0,0,0</size>
      <syntaxElement type="sltp.mm.syntax.Node" uuid="9fbb7e76-efbe-46f7-82ef-7484fb485ddc"/>
      <title>Cont</title>
      <type>base</type>
      <subDiagram type="diagram.editor.model.Diagram" uuid="c9a6af66-a7a1-4fcd-a47e-a585375261b8">
        <position>0,0</position>
        <syntaxElement type="sltp.mm.syntax.Graph" uuid="9a70e458-f981-4baa-8511-318f83003679"/>
        <title>Cont</title>
        <type>graph.Graph</type>
      </subDiagram>
    </entities>
    <entities type="diagram.editor.model.Entity" uuid="d204409c-1bc1-4ed9-974c-231d372844e0">
      <inConnections type="diagram.editor.model.Connection" uuid="4215f17a-e39b-4582-aab4-7bc3a73068e2"/>
      <position>0,0</position>
      <size>0,0,0,0</size>
      <syntaxElement type="sltp.mm.syntax.Node" uuid="563db954-d99c-444c-9282-8d7ff80cde35"/>
      <title>D2</title>
      <type>implicit-periodic</type>
      <subDiagram type="diagram.editor.model.Diagram" uuid="9987fee7-2877-442d-a834-203aaf958b94">
        <position>0,0</position>
        <syntaxElement type="sltp.mm.syntax.Graph" uuid="916a4d7c-1083-47bc-a94e-b300d78fd185"/>
        <title>D2</title>
        <type>graph.Graph</type>
      </subDiagram>
    </entities>
    <entities type="diagram.editor.model.Entity" uuid="d46bc9d8-d757-44d6-99f1-aeb2ad20cb1d">
      <outConnections type="diagram.editor.model.Connection" uuid="150569b3-b45b-4f8d-8051-f49f716a6299"/>
      <position>0,0</position>
      <size>0,0,0,0</size>
      <syntaxElement type="sltp.mm.syntax.Node" uuid="0ac1c9d8-3c6f-455b-b5b4-9c4cba5a11bc"/>
      <title>D3</title>
      <type>implicit-periodic</type>
      <subDiagram type="diagram.editor.model.Diagram" uuid="052cb7c7-c7ef-4410-82eb-c3c6b11b5bb7">
        <position>0,0</position>
        <syntaxElement type="sltp.mm.syntax.Graph" uuid="b0558586-48a7-4b17-97a9-1f65dfa7b6f8"/>
        <title>D3</title>
        <type>graph.Graph</type>
      </subDiagram>
    </entities>
    <syntaxElement type="sltp.mm.syntax.Graph" uuid="a09e6397-4a30-4a7f-b34b-8aad3f0a44e4"/>
    <title>Default</title>
    <type>graph.Graph</type>
  </diagram.editor.model.Diagram>
  <sltp.mm.syntax.Context type="sltp.mm.syntax.Context" uuid="e451d0a4-f9f6-4f2b-b52a-e89f3028b416">
    <rootGraph type="sltp.mm.syntax.Graph" uuid="a09e6397-4a30-4a7f-b34b-8aad3f0a44e4">
      <children type="sltp.mm.syntax.Node" uuid="9fbb7e76-efbe-46f7-82ef-7484fb485ddc">
        <inEdges type="sltp.mm.syntax.Edge" uuid="252ed855-57cf-47b8-9736-921441d1bbd4"/>
        <outEdges type="sltp.mm.syntax.Edge" uuid="dcc986ee-6ed7-4951-8652-0b0778be83c2"/>
        <priority>40</priority>
        <rates type="sltp.mm.syntax.RateData">
          <color>#000000</color>
          <hasBlocks>true</hasBlocks>
          <rate>0</rate>
          <title>Cont</title>
        </rates>
        <rates type="sltp.mm.syntax.RateData">
          <color>#e60000</color>
          <hasBlocks>true</hasBlocks>
          <rate>0.005</rate>
          <title>D1</title>
        </rates>
        <title>Cont</title>
        <type>base</type>
        <diagramElement type="diagram.editor.model.Entity" uuid="cb28e739-7a88-48d2-8e64-ef9fda8f41e3"/>
        <subgraph type="sltp.mm.syntax.Graph" uuid="9a70e458-f981-4baa-8511-318f83003679">
          <title>Cont</title>
          <diagramElement type="diagram.editor.model.Diagram" uuid="c9a6af66-a7a1-4fcd-a47e-a585375261b8"/>
        </subgraph>
      </children>
      <children type="sltp.mm.syntax.Node" uuid="563db954-d99c-444c-9282-8d7ff80cde35">
        <inEdges type="sltp.mm.syntax.Edge" uuid="dcc986ee-6ed7-4951-8652-0b0778be83c2"/>
        <orderIndex>1</orderIndex>
        <priority>41</priority>
        <rates type="sltp.mm.syntax.RateData">
          <color>#00d100</color>
          <hasBlocks>true</hasBlocks>
          <rate>0.06</rate>
          <title>D2</title>
        </rates>
        <title>D2</title>
        <type>implicit-periodic</type>
        <diagramElement type="diagram.editor.model.Entity" uuid="d204409c-1bc1-4ed9-974c-231d372844e0"/>
        <subgraph type="sltp.mm.syntax.Graph" uuid="916a4d7c-1083-47bc-a94e-b300d78fd185">
          <title>D2</title>
          <diagramElement type="diagram.editor.model.Diagram" uuid="9987fee7-2877-442d-a834-203aaf958b94"/>
        </subgraph>
      </children>
      <children type="sltp.mm.syntax.Node" uuid="0ac1c9d8-3c6f-455b-b5b4-9c4cba5a11bc">
        <orderIndex>2</orderIndex>
        <outEdges type="sltp.mm.syntax.Edge" uuid="252ed855-57cf-47b8-9736-921441d1bbd4"/>
        <priority>42</priority>
        <rates type="sltp.mm.syntax.RateData">
          <color>#0000cc</color>
          <hasBlocks>true</hasBlocks>
          <rate>0.2</rate>
          <title>D3</title>
        </rates>
        <title>D3</title>
        <type>implicit-periodic</type>
        <diagramElement type="diagram.editor.model.Entity" uuid="d46bc9d8-d757-44d6-99f1-aeb2ad20cb1d"/>
        <subgraph type="sltp.mm.syntax.Graph" uuid="b0558586-48a7-4b17-97a9-1f65dfa7b6f8">
          <title>D3</title>
          <diagramElement type="diagram.editor.model.Diagram" uuid="052cb7c7-c7ef-4410-82eb-c3c6b11b5bb7"/>
        </subgraph>
      </children>
      <edges type="sltp.mm.syntax.Edge" uuid="dcc986ee-6ed7-4951-8652-0b0778be83c2">
        <dst type="sltp.mm.syntax.Node" uuid="563db954-d99c-444c-9282-8d7ff80cde35"/>
        <src type="sltp.mm.syntax.Node" uuid="9fbb7e76-efbe-46f7-82ef-7484fb485ddc"/>
        <type>Dependency</type>
        <diagramElement type="diagram.editor.model.Connection" uuid="4215f17a-e39b-4582-aab4-7bc3a73068e2"/>
      </edges>
      <edges type="sltp.mm.syntax.Edge" uuid="252ed855-57cf-47b8-9736-921441d1bbd4">
        <dst type="sltp.mm.syntax.Node" uuid="9fbb7e76-efbe-46f7-82ef-7484fb485ddc"/>
        <src type="sltp.mm.syntax.Node" uuid="0ac1c9d8-3c6f-455b-b5b4-9c4cba5a11bc"/>
        <type>Delay</type>
        <diagramElement type="diagram.editor.model.Connection" uuid="150569b3-b45b-4f8d-8051-f49f716a6299"/>
      </edges>
      <title>Default</title>
      <diagramElement type="diagram.editor.model.Diagram" uuid="1545d48d-865e-4fd6-8baf-fb01a6508771"/>
    </rootGraph>
  </sltp.mm.syntax.Context>
</sltp_editor>