<?xml version="1.0" encoding="UTF-8"?>
<sltp_graph version="1.1" packageUris="http://schema.mathworks.com/mf0/sltp_mm/R2021a_202009111111">
  <sltp.mm.core.Context type="sltp.mm.core.Context" uuid="dd1026aa-31fe-409f-ac57-4aca9c4b00b5">
    <priorityDirection>HighNumberLast</priorityDirection>
    <editorState type="sltp.mm.core.EditorState" uuid="422f004f-15de-4724-8245-48cb9d24648b">
      <isSynchronized>true</isSynchronized>
      <panelState type="sltp.mm.core.EditorPanelState" uuid="3399131b-9054-46a4-89a6-e55f072bce52"/>
    </editorState>
    <rootTask type="sltp.mm.core.Task" uuid="babe52dc-5204-42b8-9529-861de65b6335">
      <context type="sltp.mm.core.Context" uuid="dd1026aa-31fe-409f-ac57-4aca9c4b00b5"/>
      <explicit>false</explicit>
      <name>Default</name>
      <priority>-2147483648</priority>
      <subgraph type="sltp.mm.core.Graph" uuid="bd59c2bd-99af-4db2-9208-6cd22c5f184f">
        <connections type="sltp.mm.core.Connection" uuid="a3b07753-617f-432b-9761-872609f22ea2">
          <dst type="sltp.mm.core.Task" uuid="29cfa09d-1d5b-4bb9-9feb-2bed390fdcb1"/>
          <src type="sltp.mm.core.Task" uuid="5da4281c-fdcc-40aa-9820-65acbaf110f4"/>
        </connections>
        <connections type="sltp.mm.core.Connection" uuid="0752743b-3a1f-4124-b3a6-32c77703a247">
          <dst type="sltp.mm.core.Task" uuid="5da4281c-fdcc-40aa-9820-65acbaf110f4"/>
          <src type="sltp.mm.core.Task" uuid="34b0f19d-6214-4175-ad83-bf96a3c107c2"/>
        </connections>
        <tasks type="sltp.mm.core.Task" uuid="5da4281c-fdcc-40aa-9820-65acbaf110f4">
          <baseTask>true</baseTask>
          <context type="sltp.mm.core.Context" uuid="dd1026aa-31fe-409f-ac57-4aca9c4b00b5"/>
          <explicit>false</explicit>
          <id>1</id>
          <inConnections type="sltp.mm.core.Connection" uuid="0752743b-3a1f-4124-b3a6-32c77703a247"/>
          <isTimed>true</isTimed>
          <name>Cont</name>
          <outConnections type="sltp.mm.core.Connection" uuid="a3b07753-617f-432b-9761-872609f22ea2"/>
          <priority>40</priority>
          <rates type="sltp.mm.core.Rate" uuid="386b25e6-71da-4876-bc4b-39b61989a108">
            <annotation>Cont</annotation>
            <color>255</color>
            <hasBlocks>true</hasBlocks>
            <identifier>Continuous00</identifier>
            <rateSpec type="sltp.mm.core.RateSpec">
              <period>0.0</period>
            </rateSpec>
            <sti>0</sti>
          </rates>
          <rates type="sltp.mm.core.Rate" uuid="a5632a84-0e37-4e9c-abec-bf610a3c5ba0">
            <annotation>D1</annotation>
            <color>-436207361</color>
            <hasBlocks>true</hasBlocks>
            <rateSpec type="sltp.mm.core.RateSpec">
              <period>.005</period>
            </rateSpec>
            <sti>1</sti>
          </rates>
        </tasks>
        <tasks type="sltp.mm.core.Task" uuid="29cfa09d-1d5b-4bb9-9feb-2bed390fdcb1">
          <context type="sltp.mm.core.Context" uuid="dd1026aa-31fe-409f-ac57-4aca9c4b00b5"/>
          <explicit>false</explicit>
          <id>2</id>
          <inConnections type="sltp.mm.core.Connection" uuid="a3b07753-617f-432b-9761-872609f22ea2"/>
          <isTimed>true</isTimed>
          <name>D2</name>
          <priority>41</priority>
          <rates type="sltp.mm.core.Rate" uuid="e2600e73-cc8a-45ab-94ca-2e3b4395ae14">
            <annotation>D2</annotation>
            <color>13697279</color>
            <hasBlocks>true</hasBlocks>
            <identifier>ClassicPeriodicDiscrete0.060</identifier>
            <rateSpec type="sltp.mm.core.RateSpec">
              <period>.06</period>
            </rateSpec>
            <sti>2</sti>
          </rates>
        </tasks>
        <tasks type="sltp.mm.core.Task" uuid="34b0f19d-6214-4175-ad83-bf96a3c107c2">
          <context type="sltp.mm.core.Context" uuid="dd1026aa-31fe-409f-ac57-4aca9c4b00b5"/>
          <explicit>false</explicit>
          <id>3</id>
          <isTimed>true</isTimed>
          <name>D3</name>
          <outConnections type="sltp.mm.core.Connection" uuid="0752743b-3a1f-4124-b3a6-32c77703a247"/>
          <priority>42</priority>
          <rates type="sltp.mm.core.Rate" uuid="17c17393-ec7d-4e65-92c0-954892ec5be1">
            <annotation>D3</annotation>
            <color>52479</color>
            <hasBlocks>true</hasBlocks>
            <identifier>ClassicPeriodicDiscrete0.20</identifier>
            <rateSpec type="sltp.mm.core.RateSpec">
              <period>.2</period>
            </rateSpec>
            <sti>3</sti>
          </rates>
        </tasks>
      </subgraph>
    </rootTask>
  </sltp.mm.core.Context>
</sltp_graph>