<?xml version="1.0" encoding="utf-8"?>
<System>
  <P Name="Location">[38, 46, 806, 587]</P>
  <P Name="SystemRect">[0.000000, 0.000000, 0.000000, 0.000000]</P>
  <P Name="SetExecutionDomain">off</P>
  <P Name="ExecutionDomainType">Deduce</P>
  <P Name="SimulinkSubDomain">Simulink</P>
  <Block BlockType="Inport" Name="Xe" SID="1602">
    <P Name="Position">[35, 48, 65, 62]</P>
    <P Name="ZOrder">-1</P>
  </Block>
  <Block BlockType="Demux" Name="Demux" SID="1603">
    <P Name="Ports">[1, 3]</P>
    <P Name="Position">[90, 20, 95, 90]</P>
    <P Name="ZOrder">-2</P>
    <P Name="BackgroundColor">black</P>
    <P Name="ShowName">off</P>
    <P Name="Outputs">3</P>
    <P Name="DisplayOption">none</P>
  </Block>
  <Block BlockType="Mux" Name="Mux" SID="1604">
    <P Name="Ports">[3, 1]</P>
    <P Name="Position">[250, 16, 255, 94]</P>
    <P Name="ZOrder">-3</P>
    <P Name="ShowName">off</P>
    <P Name="Inputs">3</P>
    <P Name="DisplayOption">bar</P>
  </Block>
  <Block BlockType="Gain" Name="rad--&gt;deg1" SID="1605">
    <P Name="Position">[160, 62, 210, 98]</P>
    <P Name="ZOrder">-5</P>
    <P Name="NameLocation">top</P>
    <P Name="ShowName">off</P>
    <P Name="Gain">-1</P>
    <P Name="ParamDataTypeStr">Inherit: Same as input</P>
    <P Name="OutDataTypeStr">Inherit: Same as input</P>
    <P Name="SaturateOnIntegerOverflow">on</P>
  </Block>
  <Block BlockType="Outport" Name="Xe&#xA;VR" SID="1606">
    <P Name="Position">[290, 48, 320, 62]</P>
    <P Name="ZOrder">-6</P>
    <P Name="VectorParamsAs1DForOutWhenUnconnected">off</P>
  </Block>
  <Line>
    <P Name="ZOrder">1</P>
    <P Name="Src">1603#out:2</P>
    <P Name="Points">[116, 0; 0, 13; 18, 0; 0, 12]</P>
    <P Name="Dst">1604#in:3</P>
  </Line>
  <Line>
    <P Name="ZOrder">2</P>
    <P Name="Src">1605#out:1</P>
    <P Name="Points">[5, 0; 0, -25]</P>
    <P Name="Dst">1604#in:2</P>
  </Line>
  <Line>
    <P Name="ZOrder">3</P>
    <P Name="Src">1604#out:1</P>
    <P Name="Dst">1606#in:1</P>
  </Line>
  <Line>
    <P Name="ZOrder">4</P>
    <P Name="Src">1603#out:3</P>
    <P Name="Dst">1605#in:1</P>
  </Line>
  <Line>
    <P Name="ZOrder">5</P>
    <P Name="Src">1603#out:1</P>
    <P Name="Dst">1604#in:1</P>
  </Line>
  <Line>
    <P Name="ZOrder">6</P>
    <P Name="Src">1602#out:1</P>
    <P Name="Dst">1603#in:1</P>
  </Line>
</System>
