<?xml version="1.0" encoding="utf-8"?>
<System>
  <P Name="Location">[-8, -8, 1928, 1048]</P>
  <P Name="SystemRect">[0.000000, 0.000000, 0.000000, 0.000000]</P>
  <P Name="SetExecutionDomain">off</P>
  <P Name="ExecutionDomainType">Deduce</P>
  <P Name="SimulinkSubDomain">Simulink</P>
  <Block BlockType="Inport" Name="States" SID="1740">
    <P Name="Position">[30, 98, 60, 112]</P>
    <P Name="ZOrder">1067</P>
  </Block>
  <Block BlockType="Inport" Name="Environment" SID="1741">
    <P Name="Position">[190, 193, 220, 207]</P>
    <P Name="ZOrder">1094</P>
    <P Name="Port">2</P>
  </Block>
  <Block BlockType="Bias" Name="Assumes takeoff was level1" SID="1742">
    <P Name="Position">[570, 267, 620, 283]</P>
    <P Name="ZOrder">1099</P>
    <P Name="ShowName">off</P>
    <P Name="Bias">Sensors.altToPrsBias</P>
    <P Name="SaturateOnIntegerOverflow">off</P>
  </Block>
  <Block BlockType="BusSelector" Name="Bus&#xA;Selector" SID="1743">
    <P Name="Ports">[1, 5]</P>
    <P Name="Position">[115, 46, 120, 164]</P>
    <P Name="ZOrder">1088</P>
    <P Name="ShowName">off</P>
    <P Name="OutputSignals">Accel_body,Omega_body,dOmega_body,DCM_be,X_ned</P>
    <Port>
      <P Name="PortNumber">1</P>
      <P Name="Name">&lt;Accel_body&gt;</P>
    </Port>
    <Port>
      <P Name="PortNumber">2</P>
      <P Name="Name">&lt;Omega_body&gt;</P>
    </Port>
    <Port>
      <P Name="PortNumber">3</P>
      <P Name="Name">&lt;dOmega_body&gt;</P>
    </Port>
    <Port>
      <P Name="PortNumber">4</P>
      <P Name="Name">&lt;DCM_be&gt;</P>
    </Port>
    <Port>
      <P Name="PortNumber">5</P>
      <P Name="Name">&lt;X_ned&gt;</P>
    </Port>
  </Block>
  <Block BlockType="BusSelector" Name="Bus&#xA;Selector1" SID="1744">
    <P Name="Ports">[1, 1]</P>
    <P Name="Position">[260, 180, 265, 220]</P>
    <P Name="ZOrder">1089</P>
    <P Name="ShowName">off</P>
    <P Name="OutputSignals">Gravity_ned</P>
    <Port>
      <P Name="PortNumber">1</P>
      <P Name="Name">&lt;Gravity_ned&gt;</P>
    </Port>
  </Block>
  <Block BlockType="Constant" Name="CG location" SID="1745">
    <P Name="Position">[280, 122, 350, 138]</P>
    <P Name="ZOrder">1090</P>
    <P Name="Value">Sensors.IMU.cg</P>
  </Block>
  <Block BlockType="DataTypeConversion" Name="Data Type Conversion" SID="1746">
    <P Name="Position">[550, 65, 590, 85]</P>
    <P Name="ZOrder">1101</P>
    <P Name="ShowName">off</P>
    <P Name="OutDataTypeStr">single</P>
    <P Name="RndMeth">Floor</P>
    <P Name="SaturateOnIntegerOverflow">off</P>
  </Block>
  <Block BlockType="DataTypeConversion" Name="Data Type Conversion1" SID="1747">
    <P Name="Position">[735, 140, 770, 160]</P>
    <P Name="ZOrder">1084</P>
    <P Name="ShowName">off</P>
    <P Name="OutDataTypeStr">single</P>
    <P Name="RndMeth">Floor</P>
    <P Name="SaturateOnIntegerOverflow">off</P>
  </Block>
  <Block BlockType="DataTypeConversion" Name="Data Type Conversion2" SID="1748">
    <P Name="Position">[550, 155, 590, 175]</P>
    <P Name="ZOrder">1102</P>
    <P Name="ShowName">off</P>
    <P Name="OutDataTypeStr">single</P>
    <P Name="RndMeth">Floor</P>
    <P Name="SaturateOnIntegerOverflow">off</P>
  </Block>
  <Block BlockType="DataTypeConversion" Name="Data Type Conversion3" SID="1749">
    <P Name="Position">[640, 215, 680, 235]</P>
    <P Name="ZOrder">1103</P>
    <P Name="ShowName">off</P>
    <P Name="OutDataTypeStr">single</P>
    <P Name="RndMeth">Floor</P>
    <P Name="SaturateOnIntegerOverflow">off</P>
  </Block>
  <Block BlockType="DataTypeConversion" Name="Data Type Conversion4" SID="1750">
    <P Name="Position">[640, 265, 680, 285]</P>
    <P Name="ZOrder">1104</P>
    <P Name="ShowName">off</P>
    <P Name="OutDataTypeStr">single</P>
    <P Name="RndMeth">Floor</P>
    <P Name="SaturateOnIntegerOverflow">off</P>
  </Block>
  <Block BlockType="Demux" Name="Demux" SID="1751">
    <P Name="Ports">[1, 3]</P>
    <P Name="Position">[615, 28, 620, 122]</P>
    <P Name="ZOrder">148</P>
    <P Name="ShowName">off</P>
    <P Name="Outputs">3</P>
    <Port>
      <P Name="PortNumber">1</P>
      <P Name="Name">ddx</P>
    </Port>
    <Port>
      <P Name="PortNumber">2</P>
      <P Name="Name">ddy</P>
    </Port>
    <Port>
      <P Name="PortNumber">3</P>
      <P Name="Name">ddz</P>
    </Port>
  </Block>
  <Block BlockType="Demux" Name="Demux2" SID="1752">
    <P Name="Ports">[1, 3]</P>
    <P Name="Position">[615, 122, 620, 208]</P>
    <P Name="ZOrder">220</P>
    <P Name="ShowName">off</P>
    <P Name="Outputs">3</P>
    <Port>
      <P Name="PortNumber">1</P>
      <P Name="Name">p</P>
    </Port>
    <Port>
      <P Name="PortNumber">2</P>
      <P Name="Name">q</P>
    </Port>
    <Port>
      <P Name="PortNumber">3</P>
      <P Name="Name">r</P>
    </Port>
  </Block>
  <Block BlockType="SubSystem" Name="HAL_acquisition_creator" SID="1753">
    <P Name="Ports">[1, 1]</P>
    <P Name="Position">[800, 135, 920, 165]</P>
    <P Name="ZOrder">1100</P>
    <P Name="RequestExecContextInheritance">off</P>
    <System Ref="system_1753"/>
  </Block>
  <Block BlockType="Mux" Name="Mux" SID="1754">
    <P Name="Ports">[8, 1]</P>
    <P Name="Position">[705, 23, 710, 277]</P>
    <P Name="ZOrder">1013</P>
    <P Name="ShowName">off</P>
    <P Name="Inputs">8</P>
    <P Name="DisplayOption">bar</P>
  </Block>
  <Block BlockType="Product" Name="Product" SID="1755">
    <P Name="Ports">[2, 1]</P>
    <P Name="Position">[305, 176, 350, 209]</P>
    <P Name="ZOrder">1091</P>
    <P Name="ShowName">off</P>
    <P Name="Multiplication">Matrix(*)</P>
  </Block>
  <Block BlockType="Saturate" Name="Saturation" SID="1756">
    <P Name="Position">[545, 210, 575, 240]</P>
    <P Name="ZOrder">227</P>
    <P Name="ShowName">off</P>
    <P Name="UpperLimit">inf</P>
    <P Name="LowerLimit">Sensors.altSensorMin</P>
    <P Name="OutDataTypeStr">single</P>
    <Port>
      <P Name="PortNumber">1</P>
      <P Name="Name">altitude_sonar</P>
    </Port>
  </Block>
  <Block BlockType="Selector" Name="Selector2" SID="1757">
    <P Name="Ports">[1, 1]</P>
    <P Name="Position">[325, 268, 365, 282]</P>
    <P Name="ZOrder">1096</P>
    <P Name="ShowName">off</P>
    <P Name="InputPortWidth">3</P>
    <P Name="IndexOptions">Index vector (dialog)</P>
    <P Name="Indices">[3]</P>
    <P Name="OutputSizes">1</P>
  </Block>
  <Block BlockType="Reference" Name="Three-axis Inertial&#xA;Measurement Unit" SID="1758">
    <P Name="Ports">[5, 2]</P>
    <P Name="Position">[390, 40, 520, 170]</P>
    <P Name="ZOrder">1087</P>
    <P Name="BackgroundColor">[1.000000, 0.501961, 0.501961]</P>
    <P Name="LibraryVersion">2.3</P>
    <P Name="SourceBlock">aerolibnav/Three-axis Inertial
Measurement Unit</P>
    <P Name="SourceType">Three-axis Inertial Measurement Unit</P>
    <P Name="SourceProductBaseCode">AE</P>
    <InstanceData>
      <P Name="RTWMemSecFuncInitTerm">Inherit from model</P>
      <P Name="RTWMemSecFuncExecute">Inherit from model</P>
      <P Name="RTWMemSecDataConstants">Inherit from model</P>
      <P Name="RTWMemSecDataInternal">Inherit from model</P>
      <P Name="RTWMemSecDataParameters">Inherit from model</P>
      <P Name="ContentPreviewEnabled">off</P>
      <P Name="units">Metric (MKS)</P>
      <P Name="imu">Sensors.IMU.location</P>
      <P Name="i_Ts">Ts</P>
      <P Name="dtype_a">off</P>
      <P Name="w_a">.7</P>
      <P Name="z_a">.2</P>
      <P Name="a_sf_cc">Sensors.IMU.accScaleCross</P>
      <P Name="a_bias">Sensors.IMU.accBias</P>
      <P Name="a_sat">Sensors.IMU.accLimits</P>
      <P Name="dtype_g">off</P>
      <P Name="w_g">.7</P>
      <P Name="z_g">.2</P>
      <P Name="g_sf_cc">Sensors.IMU.gyroScaleCross</P>
      <P Name="g_bias">Sensors.IMU.gyroBias</P>
      <P Name="g_sens">Sensors.IMU.gyroGBias</P>
      <P Name="g_sat">Sensors.IMU.gyroLimits</P>
      <P Name="i_rand">on</P>
      <P Name="i_seeds">Sensors.IMU.noiseSeeds</P>
      <P Name="i_pow">Sensors.IMU.noisePower</P>
    </InstanceData>
  </Block>
  <Block BlockType="Gain" Name="altToprs_gain" SID="1759">
    <P Name="Position">[520, 260, 550, 290]</P>
    <P Name="ZOrder">1004</P>
    <P Name="ShowName">off</P>
    <P Name="Gain">Sensors.altToPrsGain</P>
    <P Name="ParamDataTypeStr">single</P>
    <P Name="OutDataTypeStr">single</P>
    <Port>
      <P Name="PortNumber">1</P>
      <P Name="Name">prs</P>
    </Port>
  </Block>
  <Block BlockType="Gain" Name="altToprs_gain1" SID="1760">
    <P Name="Position">[475, 210, 505, 240]</P>
    <P Name="ZOrder">1105</P>
    <P Name="ShowName">off</P>
    <P Name="Gain">-1</P>
    <P Name="ParamDataTypeStr">single</P>
    <P Name="OutDataTypeStr">single</P>
  </Block>
  <Block BlockType="Outport" Name="sensordata_datout" SID="1761">
    <P Name="Position">[965, 143, 995, 157]</P>
    <P Name="ZOrder">1068</P>
    <P Name="OutDataTypeStr">Bus: HAL_acquisition_t</P>
    <P Name="VectorParamsAs1DForOutWhenUnconnected">off</P>
  </Block>
  <Line>
    <P Name="ZOrder">1</P>
    <P Name="Src">1760#out:1</P>
    <P Name="Dst">1756#in:1</P>
  </Line>
  <Line>
    <P Name="ZOrder">2</P>
    <P Name="Src">1750#out:1</P>
    <P Name="Points">[1, 0; 0, -20]</P>
    <P Name="Dst">1754#in:8</P>
  </Line>
  <Line>
    <P Name="ZOrder">3</P>
    <P Name="Src">1749#out:1</P>
    <P Name="Dst">1754#in:7</P>
  </Line>
  <Line>
    <P Name="ZOrder">4</P>
    <P Name="Src">1748#out:1</P>
    <P Name="Dst">1752#in:1</P>
  </Line>
  <Line>
    <P Name="ZOrder">5</P>
    <P Name="Src">1746#out:1</P>
    <P Name="Dst">1751#in:1</P>
  </Line>
  <Line>
    <P Name="ZOrder">6</P>
    <P Name="Src">1742#out:1</P>
    <P Name="Dst">1750#in:1</P>
  </Line>
  <Line>
    <P Name="Name">&lt;X_ned&gt;</P>
    <P Name="ZOrder">7</P>
    <P Name="Labels">[0, 0]</P>
    <P Name="Src">1743#out:5</P>
    <P Name="Points">[47, 0; 0, 120]</P>
    <P Name="Dst">1757#in:1</P>
  </Line>
  <Line>
    <P Name="ZOrder">8</P>
    <P Name="Src">1740#out:1</P>
    <P Name="Dst">1743#in:1</P>
  </Line>
  <Line>
    <P Name="ZOrder">9</P>
    <P Name="Src">1755#out:1</P>
    <P Name="Points">[20, 0]</P>
    <P Name="Dst">1758#in:5</P>
  </Line>
  <Line>
    <P Name="Name">&lt;Gravity_ned&gt;</P>
    <P Name="ZOrder">10</P>
    <P Name="Labels">[0, 0]</P>
    <P Name="Src">1744#out:1</P>
    <P Name="Dst">1755#in:2</P>
  </Line>
  <Line>
    <P Name="Name">&lt;DCM_be&gt;</P>
    <P Name="ZOrder">11</P>
    <P Name="Labels">[0, 0]</P>
    <P Name="Src">1743#out:4</P>
    <P Name="Points">[148, 0; 0, 55]</P>
    <P Name="Dst">1755#in:1</P>
  </Line>
  <Line>
    <P Name="ZOrder">12</P>
    <P Name="Src">1745#out:1</P>
    <P Name="Dst">1758#in:4</P>
  </Line>
  <Line>
    <P Name="Name">&lt;dOmega_body&gt;</P>
    <P Name="ZOrder">13</P>
    <P Name="Labels">[0, 0]</P>
    <P Name="Src">1743#out:3</P>
    <P Name="Dst">1758#in:3</P>
  </Line>
  <Line>
    <P Name="ZOrder">14</P>
    <P Name="Src">1741#out:1</P>
    <P Name="Dst">1744#in:1</P>
  </Line>
  <Line>
    <P Name="Name">&lt;Omega_body&gt;</P>
    <P Name="ZOrder">15</P>
    <P Name="Labels">[0, 0]</P>
    <P Name="Src">1743#out:2</P>
    <P Name="Dst">1758#in:2</P>
  </Line>
  <Line>
    <P Name="Name">&lt;Accel_body&gt;</P>
    <P Name="ZOrder">16</P>
    <P Name="Labels">[0, 0]</P>
    <P Name="Src">1743#out:1</P>
    <P Name="Dst">1758#in:1</P>
  </Line>
  <Line>
    <P Name="ZOrder">17</P>
    <P Name="Src">1753#out:1</P>
    <P Name="Dst">1761#in:1</P>
  </Line>
  <Line>
    <P Name="ZOrder">18</P>
    <P Name="Src">1747#out:1</P>
    <P Name="Dst">1753#in:1</P>
  </Line>
  <Line>
    <P Name="ZOrder">19</P>
    <P Name="Src">1758#out:2</P>
    <P Name="Points">[5, 0; 0, 25]</P>
    <P Name="Dst">1748#in:1</P>
  </Line>
  <Line>
    <P Name="ZOrder">20</P>
    <P Name="Src">1758#out:1</P>
    <P Name="Dst">1746#in:1</P>
  </Line>
  <Line>
    <P Name="ZOrder">21</P>
    <P Name="Src">1754#out:1</P>
    <P Name="Dst">1747#in:1</P>
  </Line>
  <Line>
    <P Name="Name">prs</P>
    <P Name="ZOrder">22</P>
    <P Name="Labels">[1, 0]</P>
    <P Name="Src">1759#out:1</P>
    <P Name="Dst">1742#in:1</P>
  </Line>
  <Line>
    <P Name="Name">altitude_sonar</P>
    <P Name="ZOrder">23</P>
    <P Name="Labels">[0, 0]</P>
    <P Name="Src">1756#out:1</P>
    <P Name="Dst">1749#in:1</P>
  </Line>
  <Line>
    <P Name="ZOrder">24</P>
    <P Name="Src">1757#out:1</P>
    <P Name="Points">[93, 0]</P>
    <Branch>
      <P Name="ZOrder">25</P>
      <P Name="Dst">1759#in:1</P>
    </Branch>
    <Branch>
      <P Name="ZOrder">26</P>
      <P Name="Points">[0, -50]</P>
      <P Name="Dst">1760#in:1</P>
    </Branch>
  </Line>
  <Line>
    <P Name="Name">ddz</P>
    <P Name="ZOrder">27</P>
    <P Name="Labels">[0, 0; -1, 1]</P>
    <P Name="Src">1751#out:3</P>
    <P Name="Dst">1754#in:3</P>
  </Line>
  <Line>
    <P Name="Name">r</P>
    <P Name="ZOrder">28</P>
    <P Name="Labels">[-1, 0]</P>
    <P Name="Src">1752#out:3</P>
    <P Name="Dst">1754#in:6</P>
  </Line>
  <Line>
    <P Name="Name">ddy</P>
    <P Name="ZOrder">29</P>
    <P Name="Labels">[0, 0; -1, 1]</P>
    <P Name="Src">1751#out:2</P>
    <P Name="Dst">1754#in:2</P>
  </Line>
  <Line>
    <P Name="Name">ddx</P>
    <P Name="ZOrder">30</P>
    <P Name="Labels">[0, 0; -1, 1]</P>
    <P Name="Src">1751#out:1</P>
    <P Name="Dst">1754#in:1</P>
  </Line>
  <Line>
    <P Name="Name">p</P>
    <P Name="ZOrder">31</P>
    <P Name="Labels">[1, 1]</P>
    <P Name="Src">1752#out:1</P>
    <P Name="Dst">1754#in:4</P>
  </Line>
  <Line>
    <P Name="Name">q</P>
    <P Name="ZOrder">32</P>
    <P Name="Labels">[1, 1]</P>
    <P Name="Src">1752#out:2</P>
    <P Name="Dst">1754#in:5</P>
  </Line>
</System>
