<?xml version="1.0" encoding="utf-8"?>
<System>
  <P Name="Location">[0, 25, 1024, 761]</P>
  <P Name="SystemRect">[0.000000, 0.000000, 0.000000, 0.000000]</P>
  <P Name="Open">on</P>
  <P Name="SetExecutionDomain">off</P>
  <P Name="ExecutionDomainType">Deduce</P>
  <P Name="ZoomFactor">77</P>
  <P Name="ReportName">simulink-default.rpt</P>
  <P Name="SIDHighWatermark">2387</P>
  <P Name="SimulinkSubDomain">Simulink</P>
  <Block BlockType="SubSystem" Name="Command" SID="563">
    <P Name="Ports">[0, 1]</P>
    <P Name="Position">[-5, 73, 95, 117]</P>
    <P Name="ZOrder">64</P>
    <P Name="RequestExecContextInheritance">off</P>
    <P Name="Variant">on</P>
    <Port>
      <P Name="PortNumber">1</P>
      <P Name="Name">Command</P>
    </Port>
    <System Ref="system_563"/>
  </Block>
  <Block BlockType="SubSystem" Name="Environment Model" SID="84">
    <P Name="Ports">[1, 1]</P>
    <P Name="Position">[760, 316, 880, 394]</P>
    <P Name="ZOrder">8</P>
    <P Name="BlockMirror">on</P>
    <P Name="RequestExecContextInheritance">off</P>
    <P Name="Variant">on</P>
    <Port>
      <P Name="PortNumber">1</P>
      <P Name="Name">Environment</P>
    </Port>
    <System Ref="system_84"/>
  </Block>
  <Block BlockType="ModelReference" Name="Flight Control System" SID="1">
    <P Name="Ports">[3, 2]</P>
    <P Name="Position">[290, 72, 425, 208]</P>
    <P Name="ZOrder">1</P>
    <P Name="BackgroundColor">[1.000000, 0.694118, 0.392157]</P>
    <P Name="ModelNameDialog">flightControlSystem.slx</P>
    <Array PropName="ParameterArgumentNames" Type="String" Dimension="1*0"/>
    <Array PropName="ParameterArgumentValues" Type="String" Dimension="1*0"/>
    <P Name="SimulationMode">Normal</P>
    <List ListType="VisibleInports">
      <P Name="port0">on</P>
      <P Name="port1">on</P>
      <P Name="port2">on</P>
    </List>
    <P Name="ModelReferenceVersion">2.3</P>
    <List ListType="InputPortNames">
      <P Name="port0">AC cmd</P>
      <P Name="port1">Sensors</P>
      <P Name="port2">Image Data</P>
    </List>
    <List ListType="OutputPortNames">
      <P Name="port0">Actuators</P>
      <P Name="port1">Flag</P>
    </List>
    <List ListType="InputPortBusObjects">
      <P Name="port0">CommandBus</P>
      <P Name="port1">SensorsBus</P>
      <P Name="port2"/>
    </List>
    <List ListType="OutputPortOutputBusAsStructs">
      <P Name="port0">off</P>
      <P Name="port1">off</P>
    </List>
    <List ListType="OutputPortSignalNames">
      <P Name="port0">motors</P>
      <P Name="port1">flag</P>
    </List>
    <List ListType="InputPortSignalNames">
      <P Name="port0">cmd</P>
      <P Name="port1">sensors</P>
      <P Name="port2">Y1UY2V</P>
    </List>
    <List ListType="InputPortLatchByCopyingInsideSignal">
      <P Name="port0">off</P>
      <P Name="port1">off</P>
      <P Name="port2">off</P>
    </List>
    <List ListType="OutputPortUnitExprs">
      <P Name="port0">inherit</P>
      <P Name="port1">inherit</P>
    </List>
    <List ListType="InputPortUnitExprs">
      <P Name="port0">inherit</P>
      <P Name="port1">inherit</P>
      <P Name="port2">inherit</P>
    </List>
    <List ListType="InputPortLatchByDelayingOutsideSignal">
      <P Name="port0">off</P>
      <P Name="port1">off</P>
      <P Name="port2">off</P>
    </List>
    <Port>
      <P Name="PortNumber">1</P>
      <P Name="Name">Actuators</P>
      <P Name="PropagatedSignals">motors</P>
    </Port>
  </Block>
  <Block BlockType="SubSystem" Name="Multicopter Model" SID="1127">
    <P Name="Ports">[2, 1]</P>
    <P Name="Position">[745, 117, 880, 288]</P>
    <P Name="ZOrder">68</P>
    <P Name="RequestExecContextInheritance">off</P>
    <P Name="Variant">on</P>
    <Port>
      <P Name="PortNumber">1</P>
      <P Name="Name">States</P>
    </Port>
    <System Ref="system_1127"/>
  </Block>
  <Block BlockType="SubSystem" Name="Sensors Model" SID="1164">
    <P Name="Ports">[2, 2]</P>
    <P Name="Position">[580, 324, 700, 451]</P>
    <P Name="ZOrder">73</P>
    <P Name="BlockMirror">on</P>
    <P Name="RequestExecContextInheritance">off</P>
    <P Name="Variant">on</P>
    <Port>
      <P Name="PortNumber">2</P>
      <P Name="Name">Sensors</P>
    </Port>
    <System Ref="system_1164"/>
  </Block>
  <Block BlockType="SubSystem" Name="Simulink 3D&#xA;Visualization" SID="1549">
    <P Name="Ports">[2]</P>
    <P Name="Position">[1035, 53, 1125, 257]</P>
    <P Name="ZOrder">1354</P>
    <P Name="RequestExecContextInheritance">off</P>
    <System Ref="system_1549"/>
  </Block>
  <Block BlockType="SubSystem" Name="Stop&#xA;Simulation" SID="1136">
    <P Name="Ports">[1]</P>
    <P Name="Position">[560, 164, 590, 186]</P>
    <P Name="ZOrder">70</P>
    <P Name="RequestExecContextInheritance">off</P>
    <System Ref="system_1136"/>
  </Block>
  <Line>
    <P Name="Name">Command</P>
    <P Name="ZOrder">234</P>
    <P Name="Labels">[0, 0]</P>
    <P Name="Src">563#out:1</P>
    <P Name="Dst">1#in:1</P>
  </Line>
  <Line>
    <P Name="Name">Sensors</P>
    <P Name="ZOrder">405</P>
    <P Name="Labels">[0, 0]</P>
    <P Name="Src">1164#out:2</P>
    <P Name="Points">[-391, 0; 0, -280]</P>
    <P Name="Dst">1#in:2</P>
  </Line>
  <Line>
    <P Name="Name">Actuators</P>
    <P Name="ZOrder">35</P>
    <P Name="Labels">[0, 0]</P>
    <P Name="Src">1#out:1</P>
    <P Name="Points">[214, 0]</P>
    <Branch>
      <P Name="ZOrder">541</P>
      <P Name="Points">[0, 55]</P>
      <P Name="Dst">1127#in:1</P>
    </Branch>
    <Branch>
      <P Name="ZOrder">522</P>
      <P Name="Dst">1549#in:1</P>
    </Branch>
  </Line>
  <Line>
    <P Name="Name">Environment</P>
    <P Name="ZOrder">48</P>
    <P Name="Labels">[0, 0]</P>
    <P Name="Src">84#out:1</P>
    <P Name="Points">[-26, 0]</P>
    <Branch>
      <P Name="ZOrder">555</P>
      <P Name="Dst">1164#in:1</P>
    </Branch>
    <Branch>
      <P Name="ZOrder">510</P>
      <P Name="Points">[0, -110]</P>
      <P Name="Dst">1127#in:2</P>
    </Branch>
  </Line>
  <Line>
    <P Name="Name">States</P>
    <P Name="ZOrder">321</P>
    <P Name="Labels">[0, 0]</P>
    <P Name="Src">1127#out:1</P>
    <P Name="Points">[14, 0]</P>
    <Branch>
      <P Name="ZOrder">540</P>
      <P Name="Points">[0, 150]</P>
      <Branch>
        <P Name="ZOrder">554</P>
        <P Name="Points">[0, 65]</P>
        <P Name="Dst">1164#in:2</P>
      </Branch>
      <Branch>
        <P Name="ZOrder">465</P>
        <P Name="Dst">84#in:1</P>
      </Branch>
    </Branch>
    <Branch>
      <P Name="ZOrder">523</P>
      <P Name="Dst">1549#in:2</P>
    </Branch>
  </Line>
  <Line>
    <P Name="ZOrder">353</P>
    <P Name="Src">1#out:2</P>
    <P Name="Dst">1136#in:1</P>
  </Line>
  <Line>
    <P Name="ZOrder">572</P>
    <P Name="Src">1164#out:1</P>
    <P Name="Points">[-359, 0; 0, -170]</P>
    <P Name="Dst">1#in:3</P>
  </Line>
  <Annotation SID="1420">
    <P Name="Name">Flight Visualization</P>
    <P Name="Position">[1007, 25, 1156, 292]</P>
    <P Name="InternalMargins">[0, 0, 0, 0]</P>
    <P Name="FixedHeight">on</P>
    <P Name="FixedWidth">on</P>
    <P Name="HorizontalAlignment">left</P>
    <P Name="VerticalAlignment">top</P>
    <P Name="ForegroundColor">[0.901961, 0.960784, 1.000000]</P>
    <P Name="BackgroundColor">[0.901961, 0.960784, 1.000000]</P>
    <P Name="DropShadow">on</P>
    <P Name="AnnotationType">area_annotation</P>
    <P Name="ZOrder">607</P>
    <P Name="FontName">Arial</P>
    <P Name="FontSize">12</P>
    <P Name="FontWeight">bold</P>
  </Annotation>
  <Annotation SID="1419">
    <P Name="Name">Simulation Model</P>
    <P Name="Position">[534, 24, 968, 501]</P>
    <P Name="InternalMargins">[0, 0, 0, 0]</P>
    <P Name="FixedHeight">on</P>
    <P Name="FixedWidth">on</P>
    <P Name="HorizontalAlignment">left</P>
    <P Name="VerticalAlignment">top</P>
    <P Name="ForegroundColor">[0.996078, 0.968627, 0.909804]</P>
    <P Name="BackgroundColor">[0.996078, 0.968627, 0.909804]</P>
    <P Name="DropShadow">on</P>
    <P Name="AnnotationType">area_annotation</P>
    <P Name="ZOrder">606</P>
    <P Name="FontName">Arial</P>
    <P Name="FontSize">12</P>
    <P Name="FontWeight">bold</P>
  </Annotation>
  <Annotation SID="1416">
    <P Name="Name">Flight Control System - Code Generation</P>
    <P Name="Position">[228, 24, 474, 252]</P>
    <P Name="InternalMargins">[0, 0, 0, 0]</P>
    <P Name="FixedHeight">on</P>
    <P Name="FixedWidth">on</P>
    <P Name="HorizontalAlignment">left</P>
    <P Name="VerticalAlignment">top</P>
    <P Name="ForegroundColor">[0.901961, 0.901961, 1.000000]</P>
    <P Name="BackgroundColor">[0.901961, 0.901961, 1.000000]</P>
    <P Name="DropShadow">on</P>
    <P Name="AnnotationType">area_annotation</P>
    <P Name="ZOrder">605</P>
    <P Name="FontName">Arial</P>
    <P Name="FontSize">12</P>
    <P Name="FontWeight">bold</P>
  </Annotation>
  <Annotation SID="1413">
    <P Name="Name">Flight Commands</P>
    <P Name="Position">[-30, 26, 144, 160]</P>
    <P Name="InternalMargins">[0, 0, 0, 0]</P>
    <P Name="FixedHeight">on</P>
    <P Name="FixedWidth">on</P>
    <P Name="HorizontalAlignment">left</P>
    <P Name="VerticalAlignment">top</P>
    <P Name="ForegroundColor">[0.972549, 0.952941, 0.929412]</P>
    <P Name="BackgroundColor">[0.972549, 0.952941, 0.929412]</P>
    <P Name="DropShadow">on</P>
    <P Name="AnnotationType">area_annotation</P>
    <P Name="ZOrder">608</P>
    <P Name="FontName">Arial</P>
    <P Name="FontSize">12</P>
    <P Name="FontWeight">bold</P>
  </Annotation>
  <Annotation SID="182">
    <P Name="Name">Quadcopter Flight Simulation Model - Mambo</P>
    <P Name="Tag">ModelTitle</P>
    <P Name="Position">[426, -39, 748, -18]</P>
    <P Name="InternalMargins">[1, 1, 1, 1]</P>
    <P Name="HorizontalAlignment">left</P>
    <P Name="VerticalAlignment">top</P>
    <P Name="ZOrder">-1</P>
    <P Name="FontName">FreeSans</P>
    <P Name="FontSize">14</P>
    <P Name="FontWeight">bold</P>
  </Annotation>
  <Annotation SID="151">
    <P Name="Name">Copyright 2018 The MathWorks, Inc.</P>
    <P Name="Position">[534, 523, 700, 539]</P>
    <P Name="InternalMargins">[1, 1, 1, 1]</P>
    <P Name="ZOrder">-6</P>
  </Annotation>
</System>
