<?xml version="1.0" encoding="utf-8"?>
<System>
  <P Name="Location">[-8, -8, 1928, 1048]</P>
  <P Name="SystemRect">[0.000000, 0.000000, 0.000000, 0.000000]</P>
  <P Name="SetExecutionDomain">off</P>
  <P Name="ExecutionDomainType">Deduce</P>
  <P Name="ZoomFactor">249</P>
  <P Name="SimulinkSubDomain">Simulink</P>
  <Block BlockType="BusCreator" Name="Bus&#xA;Creator" SID="608">
    <P Name="Ports">[5, 1]</P>
    <P Name="Position">[650, 94, 655, 286]</P>
    <P Name="ZOrder">2</P>
    <P Name="ShowName">off</P>
    <P Name="Inputs">5</P>
    <P Name="DisplayOption">bar</P>
    <P Name="OutDataTypeStr">Bus: CommandBus</P>
    <P Name="NonVirtualBus">on</P>
    <P Name="InheritFromInputs">on</P>
  </Block>
  <Block BlockType="Clock" Name="Clock" SID="609">
    <P Name="Position">[420, 180, 440, 200]</P>
    <P Name="ZOrder">1314</P>
  </Block>
  <Block BlockType="Reference" Name="Compare&#xA;To Constant" SID="610">
    <P Name="Ports">[1, 1]</P>
    <P Name="Position">[455, 177, 545, 203]</P>
    <P Name="ZOrder">1315</P>
    <P Name="ShowName">off</P>
    <P Name="LibraryVersion">1.480</P>
    <P Name="SourceBlock">simulink/Logic and Bit
Operations/Compare
To Constant</P>
    <P Name="SourceType">Compare To Constant</P>
    <P Name="SourceProductBaseCode">SL</P>
    <InstanceData>
      <P Name="RTWMemSecFuncInitTerm">Inherit from model</P>
      <P Name="RTWMemSecFuncExecute">Inherit from model</P>
      <P Name="RTWMemSecDataConstants">Inherit from model</P>
      <P Name="RTWMemSecDataInternal">Inherit from model</P>
      <P Name="RTWMemSecDataParameters">Inherit from model</P>
      <P Name="ContentPreviewEnabled">off</P>
      <P Name="relop">&lt;</P>
      <P Name="const">takeOffDuration</P>
      <P Name="OutDataTypeStr">boolean</P>
      <P Name="ZeroCross">on</P>
    </InstanceData>
  </Block>
  <Block BlockType="Reference" Name="Compare&#xA;To Zero" SID="611">
    <P Name="Ports">[1, 1]</P>
    <P Name="Position">[195, 92, 225, 108]</P>
    <P Name="ZOrder">1304</P>
    <P Name="ShowName">off</P>
    <P Name="LibraryVersion">1.480</P>
    <P Name="SourceBlock">simulink/Logic and Bit
Operations/Compare
To Zero</P>
    <P Name="SourceType">Compare To Zero</P>
    <P Name="SourceProductBaseCode">SL</P>
    <InstanceData>
      <P Name="RTWMemSecFuncInitTerm">Inherit from model</P>
      <P Name="RTWMemSecFuncExecute">Inherit from model</P>
      <P Name="RTWMemSecDataConstants">Inherit from model</P>
      <P Name="RTWMemSecDataInternal">Inherit from model</P>
      <P Name="RTWMemSecDataParameters">Inherit from model</P>
      <P Name="ContentPreviewEnabled">off</P>
      <P Name="relop">==</P>
      <P Name="OutDataTypeStr">boolean</P>
      <P Name="ZeroCross">on</P>
    </InstanceData>
  </Block>
  <Block BlockType="Reference" Name="Compare&#xA;To Zero1" SID="612">
    <P Name="Ports">[1, 1]</P>
    <P Name="Position">[195, 107, 225, 123]</P>
    <P Name="ZOrder">1306</P>
    <P Name="ShowName">off</P>
    <P Name="LibraryVersion">1.480</P>
    <P Name="SourceBlock">simulink/Logic and Bit
Operations/Compare
To Zero</P>
    <P Name="SourceType">Compare To Zero</P>
    <P Name="SourceProductBaseCode">SL</P>
    <InstanceData>
      <P Name="RTWMemSecFuncInitTerm">Inherit from model</P>
      <P Name="RTWMemSecFuncExecute">Inherit from model</P>
      <P Name="RTWMemSecDataConstants">Inherit from model</P>
      <P Name="RTWMemSecDataInternal">Inherit from model</P>
      <P Name="RTWMemSecDataParameters">Inherit from model</P>
      <P Name="ContentPreviewEnabled">off</P>
      <P Name="relop">==</P>
      <P Name="OutDataTypeStr">boolean</P>
      <P Name="ZeroCross">on</P>
    </InstanceData>
  </Block>
  <Block BlockType="DataTypeConversion" Name="Data Type Conversion1" SID="613">
    <P Name="Position">[475, 138, 530, 162]</P>
    <P Name="ZOrder">1312</P>
    <P Name="ShowName">off</P>
    <P Name="OutDataTypeStr">single</P>
    <P Name="RndMeth">Floor</P>
    <P Name="SaturateOnIntegerOverflow">off</P>
  </Block>
  <Block BlockType="DataTypeConversion" Name="Data Type Conversion3" SID="614">
    <P Name="Position">[285, 218, 340, 242]</P>
    <P Name="ZOrder">1302</P>
    <P Name="ShowName">off</P>
    <P Name="OutDataTypeStr">single</P>
    <P Name="RndMeth">Floor</P>
    <P Name="SaturateOnIntegerOverflow">off</P>
  </Block>
  <Block BlockType="Reference" Name="Live Time &#xA;Ticks" SID="1078">
    <P Name="Ports">[0, 1]</P>
    <P Name="Position">[420, 255, 450, 285]</P>
    <P Name="ZOrder">1317</P>
    <P Name="LibraryVersion">1.480</P>
    <P Name="SourceBlock">simulink/Sources/Counter
Free-Running</P>
    <P Name="SourceType">Counter Free-Running</P>
    <P Name="SourceProductBaseCode">SL</P>
    <InstanceData>
      <P Name="RTWMemSecFuncInitTerm">Inherit from model</P>
      <P Name="RTWMemSecFuncExecute">Inherit from model</P>
      <P Name="RTWMemSecDataConstants">Inherit from model</P>
      <P Name="RTWMemSecDataInternal">Inherit from model</P>
      <P Name="RTWMemSecDataParameters">Inherit from model</P>
      <P Name="ContentPreviewEnabled">off</P>
      <P Name="NumBits">32</P>
      <P Name="tsamp">Ts</P>
    </InstanceData>
    <Port>
      <P Name="PortNumber">1</P>
      <P Name="Name">live_time_ticks</P>
    </Port>
  </Block>
  <Block BlockType="Logic" Name="Logical&#xA;Operator" SID="616">
    <P Name="Ports">[2, 1]</P>
    <P Name="Position">[240, 92, 270, 123]</P>
    <P Name="ZOrder">1305</P>
    <P Name="ShowName">off</P>
    <P Name="AllPortsSameDT">off</P>
    <P Name="OutDataTypeStr">boolean</P>
  </Block>
  <Block BlockType="Mux" Name="Mux" SID="617">
    <P Name="Ports">[3, 1]</P>
    <P Name="Position">[250, 172, 255, 218]</P>
    <P Name="ZOrder">3</P>
    <P Name="ShowName">off</P>
    <P Name="Inputs">3</P>
    <P Name="DisplayOption">bar</P>
  </Block>
  <Block BlockType="Mux" Name="Mux1" SID="618">
    <P Name="Ports">[3, 1]</P>
    <P Name="Position">[370, 125, 375, 175]</P>
    <P Name="ZOrder">1309</P>
    <P Name="ShowName">off</P>
    <P Name="Inputs">3</P>
    <P Name="DisplayOption">bar</P>
  </Block>
  <Block BlockType="SubSystem" Name="Position/Attitude Reference" SID="607">
    <P Name="Tag">STV Subsys</P>
    <P Name="Ports">[0, 6]</P>
    <P Name="Position">[20, 123, 110, 222]</P>
    <P Name="ZOrder">1</P>
    <P Name="CopyFcn">sigbuilder_block(&apos;copy&apos;);</P>
    <P Name="DeleteFcn">sigbuilder_block(&apos;delete&apos;);</P>
    <P Name="LoadFcn">sigbuilder_block(&apos;load&apos;);</P>
    <P Name="ModelCloseFcn">sigbuilder_block(&apos;modelClose&apos;);</P>
    <P Name="PreSaveFcn">sigbuilder_block(&apos;preSave&apos;);</P>
    <P Name="StartFcn">sigbuilder_block(&apos;start&apos;);</P>
    <P Name="PauseFcn">sigbuilder_block(&apos;pause&apos;);</P>
    <P Name="ContinueFcn">sigbuilder_block(&apos;continue&apos;);</P>
    <P Name="StopFcn">sigbuilder_block(&apos;stop&apos;);</P>
    <P Name="NameChangeFcn">sigbuilder_block(&apos;namechange&apos;);</P>
    <P Name="ClipboardFcn">sigbuilder_block(&apos;clipboard&apos;);</P>
    <P Name="OpenFcn">sigbuilder_block(&apos;open&apos;,[-738.75 224.25 556.5 329.25 ]);</P>
    <P Name="CloseFcn">sigbuilder_block(&apos;close&apos;);</P>
    <P Name="RequestExecContextInheritance">off</P>
    <P Name="MaskHideContents">on</P>
    <Mask SelfModifiable="on">
      <Type>Sigbuilder block</Type>
      <Display IconOpaque="transparent" IconRotate="port">plot(0, 0, 100, 100,[2, 2, 32, 32, 2], [68, 8, 8, 68, 68],[32, 2], [38, 38], [32, 19, 2],[53, 60, 44], [32, 17, 17, 2],[16, 16, 31, 31]);txt = getActiveGroup(gcbh);text(2, 100, txt,&apos;verticalAlignment&apos;, &apos;top&apos;);</Display>
      <Description>Simulink:masks:SigbuilderBlock_MD</Description>
      <Initialization>if ~strcmp(get_param(bdroot(gcbh),&apos;SimulationStatus&apos;),&apos;stopped&apos;) tuvar = sigbuilder_block(&apos;maskInit&apos;); end</Initialization>
      <Capabilities>slmaskedcaps(gcbh)</Capabilities>
      <MaskParameter Name="tuvar" Type="edit" Visible="off">
        <Value>[0:10]</Value>
      </MaskParameter>
    </Mask>
    <Port>
      <P Name="PortNumber">4</P>
      <P Name="Name">yaw_cmd</P>
    </Port>
    <Port>
      <P Name="PortNumber">5</P>
      <P Name="Name">pitch_cmd</P>
    </Port>
    <Port>
      <P Name="PortNumber">6</P>
      <P Name="Name">roll_cmd</P>
    </Port>
    <System Ref="system_607"/>
  </Block>
  <Block BlockType="RateTransition" Name="Rate Transition1" SID="620">
    <P Name="Position">[420, 221, 445, 239]</P>
    <P Name="ZOrder">1307</P>
    <P Name="ShowName">off</P>
    <P Name="OutPortSampleTime">Ts</P>
    <Port>
      <P Name="PortNumber">1</P>
      <P Name="Name">orient_ref</P>
    </Port>
  </Block>
  <Block BlockType="RateTransition" Name="Rate Transition2" SID="621">
    <P Name="Position">[555, 141, 580, 159]</P>
    <P Name="ZOrder">1313</P>
    <P Name="ShowName">off</P>
    <P Name="OutPortSampleTime">Ts</P>
    <Port>
      <P Name="PortNumber">1</P>
      <P Name="Name">pos_ref</P>
    </Port>
  </Block>
  <Block BlockType="RateTransition" Name="Rate Transition3" SID="622">
    <P Name="Position">[565, 181, 590, 199]</P>
    <P Name="ZOrder">1316</P>
    <P Name="ShowName">off</P>
    <P Name="OutPortSampleTime">Ts</P>
    <Port>
      <P Name="PortNumber">1</P>
      <P Name="Name">takeoff_flag</P>
    </Port>
  </Block>
  <Block BlockType="RateTransition" Name="Rate Transition4" SID="623">
    <P Name="Position">[360, 101, 385, 119]</P>
    <P Name="ZOrder">1303</P>
    <P Name="ShowName">off</P>
    <P Name="OutPortSampleTime">Ts</P>
    <Port>
      <P Name="PortNumber">1</P>
      <P Name="Name">controlModePosVSOrient</P>
    </Port>
  </Block>
  <Block BlockType="Outport" Name="AC Cmd" SID="625">
    <P Name="Position">[695, 183, 725, 197]</P>
    <P Name="ZOrder">-2</P>
    <P Name="OutDataTypeStr">Bus: CommandBus</P>
    <P Name="VectorParamsAs1DForOutWhenUnconnected">off</P>
  </Block>
  <Line>
    <P Name="ZOrder">1</P>
    <P Name="Src">608#out:1</P>
    <P Name="Dst">625#in:1</P>
  </Line>
  <Line>
    <P Name="Name">roll_cmd</P>
    <P Name="ZOrder">2</P>
    <P Name="Src">607#out:6</P>
    <P Name="Points">[35, 0]</P>
    <Branch>
      <P Name="ZOrder">68</P>
      <P Name="Points">[0, 43; -166, 0; 0, -153]</P>
      <P Name="Dst">611#in:1</P>
    </Branch>
    <Branch>
      <P Name="ZOrder">43</P>
      <P Name="Labels">[-1, 1]</P>
      <P Name="Dst">617#in:3</P>
    </Branch>
  </Line>
  <Line>
    <P Name="Name">pitch_cmd</P>
    <P Name="ZOrder">5</P>
    <P Name="Src">607#out:5</P>
    <P Name="Points">[19, 0]</P>
    <Branch>
      <P Name="ZOrder">69</P>
      <P Name="Labels">[-1, 0]</P>
      <P Name="Dst">617#in:2</P>
    </Branch>
    <Branch>
      <P Name="ZOrder">32</P>
      <P Name="Points">[0, 51; -137, 0; 0, -137; 123, 0; 0, 6]</P>
      <P Name="Dst">612#in:1</P>
    </Branch>
  </Line>
  <Line>
    <P Name="Name">yaw_cmd</P>
    <P Name="ZOrder">8</P>
    <P Name="Labels">[1, 1]</P>
    <P Name="Src">607#out:4</P>
    <P Name="Dst">617#in:1</P>
  </Line>
  <Line>
    <P Name="ZOrder">9</P>
    <P Name="Src">617#out:1</P>
    <P Name="Points">[8, 0]</P>
    <P Name="Dst">614#in:1</P>
  </Line>
  <Line>
    <P Name="ZOrder">10</P>
    <P Name="Src">614#out:1</P>
    <P Name="Dst">620#in:1</P>
  </Line>
  <Line>
    <P Name="Name">orient_ref</P>
    <P Name="ZOrder">11</P>
    <P Name="Labels">[0, 0]</P>
    <P Name="Src">620#out:1</P>
    <P Name="Dst">608#in:4</P>
  </Line>
  <Line>
    <P Name="ZOrder">12</P>
    <P Name="Src">611#out:1</P>
    <P Name="Dst">616#in:1</P>
  </Line>
  <Line>
    <P Name="ZOrder">13</P>
    <P Name="Src">612#out:1</P>
    <P Name="Dst">616#in:2</P>
  </Line>
  <Line>
    <P Name="ZOrder">14</P>
    <P Name="Src">616#out:1</P>
    <P Name="Dst">623#in:1</P>
  </Line>
  <Line>
    <P Name="Name">controlModePosVSOrient</P>
    <P Name="ZOrder">15</P>
    <P Name="Labels">[0, 0]</P>
    <P Name="Src">623#out:1</P>
    <P Name="Dst">608#in:1</P>
  </Line>
  <Line>
    <P Name="ZOrder">31</P>
    <P Name="Src">607#out:1</P>
    <P Name="Dst">618#in:1</P>
  </Line>
  <Line>
    <P Name="ZOrder">38</P>
    <P Name="Src">607#out:2</P>
    <P Name="Dst">618#in:2</P>
  </Line>
  <Line>
    <P Name="ZOrder">101</P>
    <P Name="Src">607#out:3</P>
    <P Name="Dst">618#in:3</P>
  </Line>
  <Line>
    <P Name="ZOrder">94</P>
    <P Name="Src">618#out:1</P>
    <P Name="Dst">613#in:1</P>
  </Line>
  <Line>
    <P Name="ZOrder">22</P>
    <P Name="Src">613#out:1</P>
    <P Name="Dst">621#in:1</P>
  </Line>
  <Line>
    <P Name="Name">pos_ref</P>
    <P Name="ZOrder">23</P>
    <P Name="Labels">[0, 0]</P>
    <P Name="Src">621#out:1</P>
    <P Name="Dst">608#in:2</P>
  </Line>
  <Line>
    <P Name="ZOrder">24</P>
    <P Name="Src">609#out:1</P>
    <P Name="Dst">610#in:1</P>
  </Line>
  <Line>
    <P Name="ZOrder">25</P>
    <P Name="Src">610#out:1</P>
    <P Name="Dst">622#in:1</P>
  </Line>
  <Line>
    <P Name="Name">takeoff_flag</P>
    <P Name="ZOrder">26</P>
    <P Name="Labels">[0, 0]</P>
    <P Name="Src">622#out:1</P>
    <P Name="Dst">608#in:3</P>
  </Line>
  <Line>
    <P Name="Name">live_time_ticks</P>
    <P Name="ZOrder">93</P>
    <P Name="Labels">[0, 0]</P>
    <P Name="Src">1078#out:1</P>
    <P Name="Dst">608#in:5</P>
  </Line>
</System>
