<?xml version="1.0" encoding="utf-8"?>
<System>
  <P Name="Location">[326, 418, 842, 803]</P>
  <P Name="SystemRect">[0.000000, 0.000000, 0.000000, 0.000000]</P>
  <P Name="SetExecutionDomain">off</P>
  <P Name="ExecutionDomainType">Deduce</P>
  <P Name="SimulinkSubDomain">Simulink</P>
  <Block BlockType="Inport" Name="e0" SID="1629">
    <P Name="Position">[20, 83, 50, 97]</P>
    <P Name="ZOrder">-1</P>
  </Block>
  <Block BlockType="Gain" Name="1/2" SID="1630">
    <P Name="Position">[115, 53, 145, 87]</P>
    <P Name="ZOrder">-2</P>
    <P Name="Gain">1/2</P>
    <P Name="ParamDataTypeStr">Inherit: Same as input</P>
    <P Name="OutDataTypeStr">Inherit: Same as input</P>
    <P Name="SaturateOnIntegerOverflow">on</P>
  </Block>
  <Block BlockType="Demux" Name="Demux" SID="1631">
    <P Name="Ports">[1, 2]</P>
    <P Name="Position">[75, 53, 80, 122]</P>
    <P Name="ZOrder">-3</P>
    <P Name="BackgroundColor">black</P>
    <P Name="ShowName">off</P>
    <P Name="Outputs">[1 3]</P>
    <P Name="DisplayOption">none</P>
  </Block>
  <Block BlockType="Mux" Name="Mux" SID="1632">
    <P Name="Ports">[2, 1]</P>
    <P Name="Position">[375, 56, 380, 94]</P>
    <P Name="ZOrder">-4</P>
    <P Name="ShowName">off</P>
    <P Name="Inputs">2</P>
    <P Name="DisplayOption">bar</P>
  </Block>
  <Block BlockType="Product" Name="Product" SID="1633">
    <P Name="Ports">[2, 1]</P>
    <P Name="Position">[285, 66, 330, 99]</P>
    <P Name="ZOrder">-5</P>
    <P Name="ShowName">off</P>
    <P Name="InputSameDT">on</P>
    <P Name="OutDataTypeStr">Inherit: Same as first input</P>
    <P Name="SaturateOnIntegerOverflow">on</P>
  </Block>
  <Block BlockType="Trigonometry" Name="Trigonometric&#xA;Function" SID="1634">
    <P Name="Ports">[1, 1]</P>
    <P Name="Position">[220, 55, 250, 85]</P>
    <P Name="ZOrder">-6</P>
    <P Name="ShowName">off</P>
  </Block>
  <Block BlockType="Trigonometry" Name="Trigonometric&#xA;Function1" SID="1635">
    <P Name="Ports">[1, 1]</P>
    <P Name="Position">[220, 20, 250, 50]</P>
    <P Name="ZOrder">-7</P>
    <P Name="ShowName">off</P>
    <P Name="Operator">cos</P>
  </Block>
  <Block BlockType="Outport" Name="e0_norm" SID="1636">
    <P Name="Position">[405, 68, 435, 82]</P>
    <P Name="ZOrder">-8</P>
    <P Name="VectorParamsAs1DForOutWhenUnconnected">off</P>
  </Block>
  <Line>
    <P Name="ZOrder">1</P>
    <P Name="Src">1635#out:1</P>
    <P Name="Points">[100, 0; 0, 30]</P>
    <P Name="Dst">1632#in:1</P>
  </Line>
  <Line>
    <P Name="ZOrder">2</P>
    <P Name="Src">1631#out:2</P>
    <P Name="Points">[185, 0]</P>
    <P Name="Dst">1633#in:2</P>
  </Line>
  <Line>
    <P Name="ZOrder">3</P>
    <P Name="Src">1631#out:1</P>
    <P Name="Dst">1630#in:1</P>
  </Line>
  <Line>
    <P Name="ZOrder">4</P>
    <P Name="Src">1632#out:1</P>
    <P Name="Dst">1636#in:1</P>
  </Line>
  <Line>
    <P Name="ZOrder">5</P>
    <P Name="Src">1633#out:1</P>
    <P Name="Dst">1632#in:2</P>
  </Line>
  <Line>
    <P Name="ZOrder">6</P>
    <P Name="Src">1634#out:1</P>
    <P Name="Points">[15, 0]</P>
    <P Name="Dst">1633#in:1</P>
  </Line>
  <Line>
    <P Name="ZOrder">7</P>
    <P Name="Src">1630#out:1</P>
    <P Name="Points">[0, 0; 40, 0]</P>
    <Branch>
      <P Name="ZOrder">8</P>
      <P Name="Points">[0, -35]</P>
      <P Name="Dst">1635#in:1</P>
    </Branch>
    <Branch>
      <P Name="ZOrder">9</P>
      <P Name="Dst">1634#in:1</P>
    </Branch>
  </Line>
  <Line>
    <P Name="ZOrder">10</P>
    <P Name="Src">1629#out:1</P>
    <P Name="Points">[0, 0]</P>
    <P Name="Dst">1631#in:1</P>
  </Line>
</System>
