<?xml version="1.0" encoding="utf-8"?>
<System>
  <P Name="Location">[2, 7, 1040, 743]</P>
  <P Name="SystemRect">[0.000000, 0.000000, 0.000000, 0.000000]</P>
  <P Name="SetExecutionDomain">off</P>
  <P Name="ExecutionDomainType">Deduce</P>
  <P Name="ZoomFactor">214</P>
  <P Name="SimulinkSubDomain">Simulink</P>
  <Block BlockType="Inport" Name="States" SID="1776">
    <P Name="Position">[50, 88, 80, 102]</P>
    <P Name="ZOrder">987</P>
  </Block>
  <Block BlockType="Inport" Name="Environment" SID="1777">
    <P Name="Position">[50, 213, 80, 227]</P>
    <P Name="ZOrder">1069</P>
    <P Name="Port">2</P>
  </Block>
  <Block BlockType="SubSystem" Name="Camera" SID="1778">
    <P Name="Ports">[1, 2]</P>
    <P Name="Position">[155, 55, 285, 130]</P>
    <P Name="ZOrder">1358</P>
    <P Name="RequestExecContextInheritance">off</P>
    <System Ref="system_1778"/>
  </Block>
  <Block BlockType="SubSystem" Name="IMU_Pressure" SID="1779">
    <P Name="Ports">[2, 1]</P>
    <P Name="Position">[140, 180, 320, 235]</P>
    <P Name="ZOrder">1067</P>
    <P Name="RequestExecContextInheritance">off</P>
    <System Ref="system_1779"/>
  </Block>
  <Block BlockType="RateTransition" Name="Rate Transition1" SID="1803">
    <P Name="Position">[350, 64, 365, 86]</P>
    <P Name="ZOrder">1024</P>
    <P Name="ShowName">off</P>
    <P Name="OutPortSampleTime">Ts</P>
  </Block>
  <Block BlockType="RateTransition" Name="Rate Transition2" SID="1804">
    <P Name="Position">[350, 199, 365, 221]</P>
    <P Name="ZOrder">553</P>
    <P Name="ShowName">off</P>
    <P Name="OutPortSampleTime">Ts</P>
  </Block>
  <Block BlockType="Outport" Name="opticalFlow_data" SID="1805">
    <P Name="Position">[430, 68, 460, 82]</P>
    <P Name="ZOrder">993</P>
    <P Name="VectorParamsAs1DForOutWhenUnconnected">off</P>
  </Block>
  <Block BlockType="Outport" Name="sensordata_data" SID="1806">
    <P Name="Position">[430, 203, 460, 217]</P>
    <P Name="ZOrder">992</P>
    <P Name="Port">2</P>
    <P Name="OutDataTypeStr">Bus: HAL_acquisition_t</P>
    <P Name="VectorParamsAs1DForOutWhenUnconnected">off</P>
  </Block>
  <Block BlockType="Outport" Name="camera_data" SID="1897">
    <P Name="Position">[430, 103, 460, 117]</P>
    <P Name="ZOrder">1359</P>
    <P Name="HideAutomaticName">off</P>
    <P Name="Port">3</P>
    <P Name="VectorParamsAs1DForOutWhenUnconnected">off</P>
  </Block>
  <Line>
    <P Name="ZOrder">1</P>
    <P Name="Src">1777#out:1</P>
    <P Name="Dst">1779#in:2</P>
  </Line>
  <Line>
    <P Name="ZOrder">27</P>
    <P Name="Src">1778#out:1</P>
    <P Name="Dst">1803#in:1</P>
  </Line>
  <Line>
    <P Name="ZOrder">3</P>
    <P Name="Src">1779#out:1</P>
    <P Name="Dst">1804#in:1</P>
  </Line>
  <Line>
    <P Name="ZOrder">4</P>
    <P Name="Src">1803#out:1</P>
    <P Name="Dst">1805#in:1</P>
  </Line>
  <Line>
    <P Name="ZOrder">5</P>
    <P Name="Src">1804#out:1</P>
    <P Name="Dst">1806#in:1</P>
  </Line>
  <Line>
    <P Name="ZOrder">6</P>
    <P Name="Src">1776#out:1</P>
    <P Name="Points">[19, 0]</P>
    <Branch>
      <P Name="ZOrder">25</P>
      <P Name="Dst">1778#in:1</P>
    </Branch>
    <Branch>
      <P Name="ZOrder">13</P>
      <P Name="Points">[0, 100]</P>
      <P Name="Dst">1779#in:1</P>
    </Branch>
  </Line>
  <Line>
    <P Name="ZOrder">26</P>
    <P Name="Src">1778#out:2</P>
    <P Name="Dst">1897#in:1</P>
  </Line>
</System>
