<?xml version="1.0" encoding="utf-8"?>
<System>
  <P Name="Location">[2, 7, 1040, 743]</P>
  <P Name="SystemRect">[0.000000, 0.000000, 0.000000, 0.000000]</P>
  <P Name="SetExecutionDomain">off</P>
  <P Name="ExecutionDomainType">Deduce</P>
  <P Name="ZoomFactor">124</P>
  <P Name="SimulinkSubDomain">Simulink</P>
  <Block BlockType="Inport" Name="States" SID="1769">
    <P Name="Position">[30, 118, 60, 132]</P>
    <P Name="ZOrder">1291</P>
    <P Name="OutDataTypeStr">Bus: StatesBus</P>
  </Block>
  <Block BlockType="Inport" Name="Environment" SID="1770">
    <P Name="Position">[30, 238, 60, 252]</P>
    <P Name="ZOrder">1292</P>
    <P Name="Port">2</P>
    <P Name="OutDataTypeStr">Bus: EnvironmentBus</P>
  </Block>
  <Block BlockType="BusCreator" Name="Bus&#xA;Creator1" SID="1771">
    <P Name="Ports">[3, 1]</P>
    <P Name="Position">[715, 82, 725, 288]</P>
    <P Name="ZOrder">1298</P>
    <P Name="ShowName">off</P>
    <P Name="Inputs">3</P>
    <P Name="DisplayOption">bar</P>
    <P Name="OutDataTypeStr">Bus: SensorsBus</P>
    <P Name="NonVirtualBus">on</P>
    <P Name="InheritFromInputs">on</P>
  </Block>
  <Block BlockType="BusCreator" Name="Bus&#xA;Creator2" SID="1772">
    <P Name="Ports">[3, 1]</P>
    <P Name="Position">[625, 67, 635, 163]</P>
    <P Name="ZOrder">1297</P>
    <P Name="ShowName">off</P>
    <P Name="Inputs">3</P>
    <P Name="DisplayOption">bar</P>
    <P Name="OutDataTypeStr">Bus: extraSensorData_t</P>
    <P Name="NonVirtualBus">on</P>
    <P Name="InheritFromInputs">on</P>
    <Port>
      <P Name="PortNumber">1</P>
      <P Name="Name">VisionSensors</P>
    </Port>
  </Block>
  <Block BlockType="Constant" Name="Constant1" SID="1773">
    <P Name="Position">[525, 245, 635, 265]</P>
    <P Name="ZOrder">1301</P>
    <P Name="ShowName">off</P>
    <P Name="Value">sensorCalibrationData</P>
    <P Name="OutDataTypeStr">single</P>
    <Port>
      <P Name="PortNumber">1</P>
      <P Name="Name">SensorCalibration</P>
    </Port>
  </Block>
  <Block BlockType="Memory" Name="Memory" SID="1774">
    <P Name="Position">[85, 115, 105, 135]</P>
    <P Name="ZOrder">1299</P>
    <P Name="ShowName">off</P>
    <P Name="InitialCondition">States</P>
    <P Name="InheritSampleTime">on</P>
  </Block>
  <Block BlockType="SubSystem" Name="Sensor System" SID="1775">
    <P Name="Ports">[2, 3]</P>
    <P Name="Position">[165, 59, 390, 311]</P>
    <P Name="ZOrder">1294</P>
    <P Name="DropShadow">on</P>
    <P Name="RequestExecContextInheritance">off</P>
    <Port>
      <P Name="PortNumber">1</P>
      <P Name="Name">opticalFlow_data</P>
    </Port>
    <Port>
      <P Name="PortNumber">2</P>
      <P Name="Name">HALSensors</P>
    </Port>
    <System Ref="system_1775"/>
  </Block>
  <Block BlockType="Constant" Name="_DUMMY_FLAG_usePosVIS" SID="1807">
    <P Name="Position">[535, 137, 575, 153]</P>
    <P Name="ZOrder">1296</P>
    <P Name="ShowName">off</P>
    <P Name="Value">Sensors.dummy.usePosVISFlag</P>
    <P Name="OutDataTypeStr">single</P>
    <Port>
      <P Name="PortNumber">1</P>
      <P Name="Name">usePosVIS_flag</P>
    </Port>
  </Block>
  <Block BlockType="Constant" Name="_DUMMY_posVIS" SID="1808">
    <P Name="Position">[535, 107, 575, 123]</P>
    <P Name="ZOrder">1295</P>
    <P Name="ShowName">off</P>
    <P Name="Value">Sensors.dummy.posVISNoVisionAvail</P>
    <P Name="OutDataTypeStr">single</P>
    <Port>
      <P Name="PortNumber">1</P>
      <P Name="Name">posVIS_data</P>
    </Port>
  </Block>
  <Block BlockType="Outport" Name="Sensors" SID="1809">
    <P Name="Position">[755, 178, 785, 192]</P>
    <P Name="ZOrder">1293</P>
    <P Name="OutDataTypeStr">Bus: SensorsBus</P>
    <P Name="VectorParamsAs1DForOutWhenUnconnected">off</P>
  </Block>
  <Block BlockType="Outport" Name="Image Data" SID="1898">
    <P Name="Position">[470, 263, 500, 277]</P>
    <P Name="ZOrder">1302</P>
    <P Name="HideAutomaticName">off</P>
    <P Name="Port">2</P>
    <P Name="VectorParamsAs1DForOutWhenUnconnected">off</P>
  </Block>
  <Line>
    <P Name="Name">SensorCalibration</P>
    <P Name="ZOrder">1</P>
    <P Name="Labels">[0, 0]</P>
    <P Name="Src">1773#out:1</P>
    <P Name="Dst">1771#in:3</P>
  </Line>
  <Line>
    <P Name="ZOrder">2</P>
    <P Name="Src">1774#out:1</P>
    <P Name="Dst">1775#in:1</P>
  </Line>
  <Line>
    <P Name="Name">HALSensors</P>
    <P Name="ZOrder">3</P>
    <P Name="Labels">[0, 0]</P>
    <P Name="Src">1775#out:2</P>
    <P Name="Dst">1771#in:2</P>
  </Line>
  <Line>
    <P Name="ZOrder">4</P>
    <P Name="Src">1769#out:1</P>
    <P Name="Dst">1774#in:1</P>
  </Line>
  <Line>
    <P Name="ZOrder">5</P>
    <P Name="Src">1770#out:1</P>
    <P Name="Points">[85, 0]</P>
    <P Name="Dst">1775#in:2</P>
  </Line>
  <Line>
    <P Name="ZOrder">6</P>
    <P Name="Src">1771#out:1</P>
    <P Name="Dst">1809#in:1</P>
  </Line>
  <Line>
    <P Name="Name">usePosVIS_flag</P>
    <P Name="ZOrder">7</P>
    <P Name="Labels">[0, 0]</P>
    <P Name="Src">1807#out:1</P>
    <P Name="Dst">1772#in:3</P>
  </Line>
  <Line>
    <P Name="Name">opticalFlow_data</P>
    <P Name="ZOrder">8</P>
    <P Name="Labels">[2, 1]</P>
    <P Name="Src">1775#out:1</P>
    <P Name="Points">[15, 0; 0, -15]</P>
    <P Name="Dst">1772#in:1</P>
  </Line>
  <Line>
    <P Name="Name">posVIS_data</P>
    <P Name="ZOrder">9</P>
    <P Name="Labels">[0, 0]</P>
    <P Name="Src">1808#out:1</P>
    <P Name="Dst">1772#in:2</P>
  </Line>
  <Line>
    <P Name="Name">VisionSensors</P>
    <P Name="ZOrder">10</P>
    <P Name="Labels">[1, 1]</P>
    <P Name="Src">1772#out:1</P>
    <P Name="Dst">1771#in:1</P>
  </Line>
  <Line>
    <P Name="ZOrder">11</P>
    <P Name="Src">1775#out:3</P>
    <P Name="Dst">1898#in:1</P>
  </Line>
</System>
