<?xml version="1.0" encoding="utf-8"?>
<System>
  <P Name="Location">[-8, -8, 1928, 1048]</P>
  <P Name="SystemRect">[0.000000, 0.000000, 0.000000, 0.000000]</P>
  <P Name="SetExecutionDomain">off</P>
  <P Name="ExecutionDomainType">Deduce</P>
  <P Name="SimulinkSubDomain">Simulink</P>
  <Block BlockType="BusCreator" Name="Bus&#xA;Creator" SID="1079">
    <P Name="Ports">[5, 1]</P>
    <P Name="Position">[700, 139, 705, 331]</P>
    <P Name="ZOrder">1350</P>
    <P Name="ShowName">off</P>
    <P Name="Inputs">5</P>
    <P Name="DisplayOption">bar</P>
    <P Name="OutDataTypeStr">Bus: CommandBus</P>
    <P Name="NonVirtualBus">on</P>
    <P Name="InheritFromInputs">on</P>
  </Block>
  <Block BlockType="Clock" Name="Clock" SID="587">
    <P Name="Position">[475, 225, 495, 245]</P>
    <P Name="ZOrder">1346</P>
  </Block>
  <Block BlockType="Reference" Name="Compare&#xA;To Constant" SID="588">
    <P Name="Ports">[1, 1]</P>
    <P Name="Position">[510, 222, 600, 248]</P>
    <P Name="ZOrder">1347</P>
    <P Name="ShowName">off</P>
    <P Name="LibraryVersion">1.480</P>
    <P Name="SourceBlock">simulink/Logic and Bit
Operations/Compare
To Constant</P>
    <P Name="SourceType">Compare To Constant</P>
    <P Name="SourceProductBaseCode">SL</P>
    <InstanceData>
      <P Name="RTWMemSecFuncInitTerm">Inherit from model</P>
      <P Name="RTWMemSecFuncExecute">Inherit from model</P>
      <P Name="RTWMemSecDataConstants">Inherit from model</P>
      <P Name="RTWMemSecDataInternal">Inherit from model</P>
      <P Name="RTWMemSecDataParameters">Inherit from model</P>
      <P Name="ContentPreviewEnabled">off</P>
      <P Name="relop">&lt;</P>
      <P Name="const">takeOffDuration</P>
      <P Name="OutDataTypeStr">boolean</P>
      <P Name="ZeroCross">on</P>
    </InstanceData>
  </Block>
  <Block BlockType="Constant" Name="Constant" SID="1093">
    <P Name="Position">[275, 147, 310, 163]</P>
    <P Name="ZOrder">1353</P>
    <P Name="ShowName">off</P>
    <P Name="Value">0</P>
    <P Name="OutDataTypeStr">boolean</P>
  </Block>
  <Block BlockType="DataTypeConversion" Name="Data Type Conversion1" SID="591">
    <P Name="Position">[535, 183, 590, 207]</P>
    <P Name="ZOrder">1344</P>
    <P Name="ShowName">off</P>
    <P Name="OutDataTypeStr">single</P>
    <P Name="RndMeth">Floor</P>
    <P Name="SaturateOnIntegerOverflow">off</P>
  </Block>
  <Block BlockType="DataTypeConversion" Name="Data Type Conversion3" SID="592">
    <P Name="Position">[400, 263, 455, 287]</P>
    <P Name="ZOrder">1334</P>
    <P Name="ShowName">off</P>
    <P Name="OutDataTypeStr">single</P>
    <P Name="RndMeth">Floor</P>
    <P Name="SaturateOnIntegerOverflow">off</P>
  </Block>
  <Block BlockType="DeadZone" Name="Dead Zone" SID="1095">
    <P Name="Position">[140, 247, 155, 263]</P>
    <P Name="ZOrder">1355</P>
    <P Name="ShowName">off</P>
    <P Name="LowerValue">Command.rollDeadZoneStart</P>
    <P Name="UpperValue">Command.rollDeadZoneEnd</P>
  </Block>
  <Block BlockType="DeadZone" Name="Dead Zone1" SID="1098">
    <P Name="Position">[140, 267, 155, 283]</P>
    <P Name="ZOrder">1358</P>
    <P Name="ShowName">off</P>
    <P Name="LowerValue">Command.pitchDeadZoneStart</P>
    <P Name="UpperValue">Command.pitchDeadZoneEnd</P>
  </Block>
  <Block BlockType="DeadZone" Name="Dead Zone2" SID="1101">
    <P Name="Position">[140, 287, 155, 303]</P>
    <P Name="ZOrder">1361</P>
    <P Name="ShowName">off</P>
    <P Name="LowerValue">Command.yawDeadZoneStart</P>
    <P Name="UpperValue">Command.yawDeadZoneEnd</P>
  </Block>
  <Block BlockType="Gain" Name="Gain" SID="1097">
    <P Name="Position">[255, 245, 275, 265]</P>
    <P Name="ZOrder">1357</P>
    <P Name="ShowName">off</P>
    <P Name="Gain">Command.rollGain</P>
  </Block>
  <Block BlockType="Gain" Name="Gain1" SID="1100">
    <P Name="Position">[255, 265, 275, 285]</P>
    <P Name="ZOrder">1360</P>
    <P Name="ShowName">off</P>
    <P Name="Gain">Command.pitchGain</P>
  </Block>
  <Block BlockType="Gain" Name="Gain2" SID="1103">
    <P Name="Position">[255, 285, 275, 305]</P>
    <P Name="ZOrder">1363</P>
    <P Name="ShowName">off</P>
    <P Name="Gain">Command.yawGain</P>
  </Block>
  <Block BlockType="Integrator" Name="Integrator" SID="1115">
    <P Name="Ports">[1, 1]</P>
    <P Name="Position">[215, 285, 230, 305]</P>
    <P Name="ZOrder">1365</P>
    <P Name="ShowName">off</P>
    <P Name="HideAutomaticName">off</P>
  </Block>
  <Block BlockType="Reference" Name="Live Time &#xA;Ticks" SID="1080">
    <P Name="Ports">[0, 1]</P>
    <P Name="Position">[450, 300, 480, 330]</P>
    <P Name="ZOrder">1351</P>
    <P Name="LibraryVersion">1.480</P>
    <P Name="SourceBlock">simulink/Sources/Counter
Free-Running</P>
    <P Name="SourceType">Counter Free-Running</P>
    <P Name="SourceProductBaseCode">SL</P>
    <InstanceData>
      <P Name="RTWMemSecFuncInitTerm">Inherit from model</P>
      <P Name="RTWMemSecFuncExecute">Inherit from model</P>
      <P Name="RTWMemSecDataConstants">Inherit from model</P>
      <P Name="RTWMemSecDataInternal">Inherit from model</P>
      <P Name="RTWMemSecDataParameters">Inherit from model</P>
      <P Name="ContentPreviewEnabled">off</P>
      <P Name="NumBits">32</P>
      <P Name="tsamp">Ts</P>
    </InstanceData>
    <Port>
      <P Name="PortNumber">1</P>
      <P Name="Name">live_time_ticks</P>
    </Port>
  </Block>
  <Block BlockType="Mux" Name="Mux" SID="595">
    <P Name="Ports">[3, 1]</P>
    <P Name="Position">[290, 247, 295, 303]</P>
    <P Name="ZOrder">1333</P>
    <P Name="ShowName">off</P>
    <P Name="Inputs">3</P>
    <P Name="DisplayOption">bar</P>
  </Block>
  <Block BlockType="Mux" Name="Mux1" SID="596">
    <P Name="Ports">[3, 1]</P>
    <P Name="Position">[430, 168, 435, 222]</P>
    <P Name="ZOrder">1341</P>
    <P Name="ShowName">off</P>
    <P Name="Inputs">3</P>
    <P Name="DisplayOption">bar</P>
  </Block>
  <Block BlockType="Reference" Name="Pilot Joystick" SID="597">
    <P Name="Ports">[0, 4]</P>
    <P Name="Position">[20, 243, 90, 327]</P>
    <P Name="ZOrder">3</P>
    <P Name="BackgroundColor">[1.000000, 0.501961, 0.501961]</P>
    <P Name="LibraryVersion">4.1</P>
    <P Name="SourceBlock">aerolibanimutils/Pilot Joystick</P>
    <P Name="SourceType">PilotJoystick</P>
    <P Name="SourceProductBaseCode">AE</P>
    <InstanceData>
      <P Name="MultithreadedSim">auto</P>
      <P Name="JoystickID">Joystick1</P>
      <P Name="OutputConfiguration">FourAxis</P>
      <P Name="SampleTime">Ts</P>
    </InstanceData>
    <Port>
      <P Name="PortNumber">1</P>
      <P Name="Name">roll_cmd</P>
    </Port>
    <Port>
      <P Name="PortNumber">2</P>
      <P Name="Name">pitch_cmd</P>
    </Port>
    <Port>
      <P Name="PortNumber">3</P>
      <P Name="Name">yaw_cmd</P>
    </Port>
    <Port>
      <P Name="PortNumber">4</P>
      <P Name="Name">throttle_cmd</P>
    </Port>
  </Block>
  <Block BlockType="SubSystem" Name="Position Reference" SID="598">
    <P Name="Tag">STV Subsys</P>
    <P Name="Ports">[0, 3]</P>
    <P Name="Position">[335, 168, 400, 222]</P>
    <P Name="ZOrder">1349</P>
    <P Name="CopyFcn">sigbuilder_block(&apos;copy&apos;);</P>
    <P Name="DeleteFcn">sigbuilder_block(&apos;delete&apos;);</P>
    <P Name="LoadFcn">sigbuilder_block(&apos;load&apos;);</P>
    <P Name="ModelCloseFcn">sigbuilder_block(&apos;modelClose&apos;);</P>
    <P Name="PreSaveFcn">sigbuilder_block(&apos;preSave&apos;);</P>
    <P Name="StartFcn">sigbuilder_block(&apos;start&apos;);</P>
    <P Name="PauseFcn">sigbuilder_block(&apos;pause&apos;);</P>
    <P Name="ContinueFcn">sigbuilder_block(&apos;continue&apos;);</P>
    <P Name="StopFcn">sigbuilder_block(&apos;stop&apos;);</P>
    <P Name="NameChangeFcn">sigbuilder_block(&apos;namechange&apos;);</P>
    <P Name="ClipboardFcn">sigbuilder_block(&apos;clipboard&apos;);</P>
    <P Name="OpenFcn">sigbuilder_block(&apos;open&apos;,[432.75 195 559.5 417.75 ]);</P>
    <P Name="CloseFcn">sigbuilder_block(&apos;close&apos;);</P>
    <P Name="RequestExecContextInheritance">off</P>
    <P Name="MaskHideContents">on</P>
    <Mask SelfModifiable="on">
      <Type>Sigbuilder block</Type>
      <Display IconOpaque="transparent" IconRotate="port">plot(0, 0, 100, 100,[2, 2, 32, 32, 2], [68, 8, 8, 68, 68],[32, 2], [38, 38], [32, 19, 2],[53, 60, 44], [32, 17, 17, 2],[16, 16, 31, 31]);txt = getActiveGroup(gcbh);text(2, 100, txt,&apos;verticalAlignment&apos;, &apos;top&apos;);</Display>
      <Description>Simulink:masks:SigbuilderBlock_MD</Description>
      <Initialization>if ~strcmp(get_param(bdroot(gcbh),&apos;SimulationStatus&apos;),&apos;stopped&apos;) tuvar = sigbuilder_block(&apos;maskInit&apos;); end</Initialization>
      <Capabilities>slmaskedcaps(gcbh)</Capabilities>
      <MaskParameter Name="tuvar" Type="edit" Visible="off">
        <Value>[0:10]</Value>
      </MaskParameter>
    </Mask>
    <System Ref="system_598"/>
  </Block>
  <Block BlockType="RateTransition" Name="Rate Transition1" SID="599">
    <P Name="Position">[480, 266, 505, 284]</P>
    <P Name="ZOrder">1339</P>
    <P Name="ShowName">off</P>
    <P Name="OutPortSampleTime">Ts</P>
    <Port>
      <P Name="PortNumber">1</P>
      <P Name="Name">orient_ref</P>
    </Port>
  </Block>
  <Block BlockType="RateTransition" Name="Rate Transition2" SID="600">
    <P Name="Position">[615, 186, 640, 204]</P>
    <P Name="ZOrder">1345</P>
    <P Name="ShowName">off</P>
    <P Name="OutPortSampleTime">Ts</P>
    <Port>
      <P Name="PortNumber">1</P>
      <P Name="Name">pos_ref</P>
    </Port>
  </Block>
  <Block BlockType="RateTransition" Name="Rate Transition3" SID="601">
    <P Name="Position">[615, 226, 640, 244]</P>
    <P Name="ZOrder">1348</P>
    <P Name="ShowName">off</P>
    <P Name="OutPortSampleTime">Ts</P>
    <Port>
      <P Name="PortNumber">1</P>
      <P Name="Name">takeoff_flag</P>
    </Port>
  </Block>
  <Block BlockType="RateTransition" Name="Rate Transition4" SID="602">
    <P Name="Position">[420, 146, 445, 164]</P>
    <P Name="ZOrder">1335</P>
    <P Name="ShowName">off</P>
    <P Name="OutPortSampleTime">Ts</P>
    <Port>
      <P Name="PortNumber">1</P>
      <P Name="Name">controlModePosVSOrient</P>
    </Port>
  </Block>
  <Block BlockType="Saturate" Name="Saturation" SID="1096">
    <P Name="Position">[180, 247, 195, 263]</P>
    <P Name="ZOrder">1356</P>
    <P Name="ShowName">off</P>
    <P Name="UpperLimit">Command.rollSatUpper</P>
    <P Name="LowerLimit">Command.rollSatLower</P>
  </Block>
  <Block BlockType="Saturate" Name="Saturation1" SID="1099">
    <P Name="Position">[180, 267, 195, 283]</P>
    <P Name="ZOrder">1359</P>
    <P Name="ShowName">off</P>
    <P Name="UpperLimit">Command.pitchSatUpper</P>
    <P Name="LowerLimit">Command.pitchSatLower</P>
  </Block>
  <Block BlockType="Saturate" Name="Saturation2" SID="1102">
    <P Name="Position">[180, 287, 195, 303]</P>
    <P Name="ZOrder">1362</P>
    <P Name="ShowName">off</P>
    <P Name="UpperLimit">Command.yawSatUpper</P>
    <P Name="LowerLimit">Command.yawSatLower</P>
  </Block>
  <Block BlockType="Selector" Name="Selector" SID="1092">
    <P Name="Ports">[1, 1]</P>
    <P Name="Position">[330, 266, 370, 284]</P>
    <P Name="ZOrder">1352</P>
    <P Name="ShowName">off</P>
    <P Name="InputPortWidth">3</P>
    <P Name="IndexOptions">Index vector (dialog)</P>
    <P Name="Indices">[3 2 1]</P>
    <P Name="OutputSizes">1</P>
  </Block>
  <Block BlockType="Terminator" Name="Terminator" SID="604">
    <P Name="Position">[155, 305, 175, 325]</P>
    <P Name="ZOrder">4</P>
    <P Name="ShowName">off</P>
  </Block>
  <Block BlockType="Outport" Name="AC Cmd" SID="605">
    <P Name="Position">[770, 228, 800, 242]</P>
    <P Name="ZOrder">-2</P>
    <P Name="OutDataTypeStr">Bus: CommandBus</P>
    <P Name="VectorParamsAs1DForOutWhenUnconnected">off</P>
  </Block>
  <Line>
    <P Name="Name">throttle_cmd</P>
    <P Name="ZOrder">1</P>
    <P Name="Labels">[0, 0]</P>
    <P Name="Src">597#out:4</P>
    <P Name="Dst">604#in:1</P>
  </Line>
  <Line>
    <P Name="Name">roll_cmd</P>
    <P Name="ZOrder">5</P>
    <P Name="Labels">[0, 0; 1, 1]</P>
    <P Name="Src">597#out:1</P>
    <P Name="Dst">1095#in:1</P>
  </Line>
  <Line>
    <P Name="ZOrder">58</P>
    <P Name="Src">1079#out:1</P>
    <P Name="Dst">605#in:1</P>
  </Line>
  <Line>
    <P Name="ZOrder">82</P>
    <P Name="Src">1093#out:1</P>
    <P Name="Dst">602#in:1</P>
  </Line>
  <Line>
    <P Name="Name">orient_ref</P>
    <P Name="ZOrder">56</P>
    <P Name="Labels">[0, 0]</P>
    <P Name="Src">599#out:1</P>
    <P Name="Dst">1079#in:4</P>
  </Line>
  <Line>
    <P Name="Name">pos_ref</P>
    <P Name="ZOrder">57</P>
    <P Name="Labels">[0, 0]</P>
    <P Name="Src">600#out:1</P>
    <P Name="Dst">1079#in:2</P>
  </Line>
  <Line>
    <P Name="ZOrder">11</P>
    <P Name="Src">598#out:3</P>
    <P Name="Dst">596#in:3</P>
  </Line>
  <Line>
    <P Name="ZOrder">12</P>
    <P Name="Src">595#out:1</P>
    <P Name="Dst">1092#in:1</P>
  </Line>
  <Line>
    <P Name="ZOrder">13</P>
    <P Name="Src">591#out:1</P>
    <P Name="Dst">600#in:1</P>
  </Line>
  <Line>
    <P Name="ZOrder">14</P>
    <P Name="Src">598#out:1</P>
    <P Name="Dst">596#in:1</P>
  </Line>
  <Line>
    <P Name="ZOrder">109</P>
    <P Name="Src">596#out:1</P>
    <P Name="Dst">591#in:1</P>
  </Line>
  <Line>
    <P Name="ZOrder">18</P>
    <P Name="Src">588#out:1</P>
    <P Name="Dst">601#in:1</P>
  </Line>
  <Line>
    <P Name="ZOrder">19</P>
    <P Name="Src">587#out:1</P>
    <P Name="Dst">588#in:1</P>
  </Line>
  <Line>
    <P Name="Name">controlModePosVSOrient</P>
    <P Name="ZOrder">55</P>
    <P Name="Labels">[0, 0]</P>
    <P Name="Src">602#out:1</P>
    <P Name="Dst">1079#in:1</P>
  </Line>
  <Line>
    <P Name="ZOrder">22</P>
    <P Name="Src">592#out:1</P>
    <P Name="Dst">599#in:1</P>
  </Line>
  <Line>
    <P Name="Name">pitch_cmd</P>
    <P Name="ZOrder">23</P>
    <P Name="Labels">[0, 0; 1, 0]</P>
    <P Name="Src">597#out:2</P>
    <P Name="Dst">1098#in:1</P>
  </Line>
  <Line>
    <P Name="ZOrder">26</P>
    <P Name="Src">598#out:2</P>
    <P Name="Dst">596#in:2</P>
  </Line>
  <Line>
    <P Name="Name">takeoff_flag</P>
    <P Name="ZOrder">54</P>
    <P Name="Labels">[0, 0]</P>
    <P Name="Src">601#out:1</P>
    <P Name="Dst">1079#in:3</P>
  </Line>
  <Line>
    <P Name="Name">live_time_ticks</P>
    <P Name="ZOrder">53</P>
    <P Name="Labels">[0, 0]</P>
    <P Name="Src">1080#out:1</P>
    <P Name="Dst">1079#in:5</P>
  </Line>
  <Line>
    <P Name="ZOrder">81</P>
    <P Name="Src">1092#out:1</P>
    <P Name="Dst">592#in:1</P>
  </Line>
  <Line>
    <P Name="ZOrder">100</P>
    <P Name="Src">1095#out:1</P>
    <P Name="Dst">1096#in:1</P>
  </Line>
  <Line>
    <P Name="ZOrder">101</P>
    <P Name="Src">1096#out:1</P>
    <P Name="Dst">1097#in:1</P>
  </Line>
  <Line>
    <P Name="ZOrder">102</P>
    <P Name="Src">1097#out:1</P>
    <P Name="Dst">595#in:1</P>
  </Line>
  <Line>
    <P Name="ZOrder">103</P>
    <P Name="Src">1098#out:1</P>
    <P Name="Dst">1099#in:1</P>
  </Line>
  <Line>
    <P Name="ZOrder">104</P>
    <P Name="Src">1099#out:1</P>
    <P Name="Dst">1100#in:1</P>
  </Line>
  <Line>
    <P Name="ZOrder">105</P>
    <P Name="Src">1100#out:1</P>
    <P Name="Dst">595#in:2</P>
  </Line>
  <Line>
    <P Name="ZOrder">106</P>
    <P Name="Src">1101#out:1</P>
    <P Name="Dst">1102#in:1</P>
  </Line>
  <Line>
    <P Name="ZOrder">107</P>
    <P Name="Src">1102#out:1</P>
    <P Name="Dst">1115#in:1</P>
  </Line>
  <Line>
    <P Name="ZOrder">108</P>
    <P Name="Src">1103#out:1</P>
    <P Name="Dst">595#in:3</P>
  </Line>
  <Line>
    <P Name="Name">yaw_cmd</P>
    <P Name="ZOrder">159</P>
    <P Name="Labels">[0, 0; 1, 0]</P>
    <P Name="Src">597#out:3</P>
    <P Name="Dst">1101#in:1</P>
  </Line>
  <Line>
    <P Name="ZOrder">160</P>
    <P Name="Src">1115#out:1</P>
    <P Name="Dst">1103#in:1</P>
  </Line>
</System>
