<?xml version="1.0" encoding="utf-8"?>
<System>
  <P Name="Location">[2, 7, 1040, 743]</P>
  <P Name="SystemRect">[0.000000, 0.000000, 0.000000, 0.000000]</P>
  <P Name="SetExecutionDomain">off</P>
  <P Name="ExecutionDomainType">Deduce</P>
  <P Name="ZoomFactor">83</P>
  <P Name="SimulinkSubDomain">Simulink</P>
  <Block BlockType="Inport" Name="states" SID="2290">
    <P Name="Position">[15, 123, 45, 137]</P>
    <P Name="ZOrder">1476</P>
    <P Name="NameLocation">top</P>
    <P Name="OutDataTypeStr">Bus: StatesBus</P>
  </Block>
  <Block BlockType="Sum" Name="Add1" SID="2291">
    <P Name="Ports">[2, 1]</P>
    <P Name="Position">[765, 192, 795, 223]</P>
    <P Name="ZOrder">1470</P>
    <P Name="ShowName">off</P>
    <P Name="IconShape">rectangular</P>
  </Block>
  <Block BlockType="BusSelector" Name="Bus&#xA;Selector1" SID="2292">
    <P Name="Ports">[1, 1]</P>
    <P Name="Position">[140, 111, 145, 149]</P>
    <P Name="ZOrder">1461</P>
    <P Name="ShowName">off</P>
    <P Name="OutputSignals">V_body</P>
    <Port>
      <P Name="PortNumber">1</P>
      <P Name="Name">&lt;V_body&gt;</P>
    </Port>
  </Block>
  <Block BlockType="BusSelector" Name="Bus&#xA;Selector3" SID="2293">
    <P Name="Ports">[1, 1]</P>
    <P Name="Position">[140, 231, 145, 269]</P>
    <P Name="ZOrder">1474</P>
    <P Name="ShowName">off</P>
    <P Name="OutputSignals">X_ned</P>
    <Port>
      <P Name="PortNumber">1</P>
      <P Name="Name">&lt;X_ned&gt;</P>
    </Port>
  </Block>
  <Block BlockType="BusSelector" Name="Bus&#xA;Selector4" SID="2294">
    <P Name="Ports">[1, 1]</P>
    <P Name="Position">[140, 166, 145, 204]</P>
    <P Name="ZOrder">1475</P>
    <P Name="ShowName">off</P>
    <P Name="OutputSignals">Omega_body</P>
    <Port>
      <P Name="PortNumber">1</P>
      <P Name="Name">&lt;Omega_body&gt;</P>
    </Port>
  </Block>
  <Block BlockType="DataTypeConversion" Name="Data Type Conversion" SID="2295">
    <P Name="Position">[1030, 220, 1070, 240]</P>
    <P Name="ZOrder">1481</P>
    <P Name="ShowName">off</P>
    <P Name="OutDataTypeStr">single</P>
    <P Name="RndMeth">Floor</P>
    <P Name="SaturateOnIntegerOverflow">off</P>
  </Block>
  <Block BlockType="Demux" Name="Demux4" SID="2296">
    <P Name="Ports">[1, 2]</P>
    <P Name="Position">[395, 166, 400, 204]</P>
    <P Name="ZOrder">1463</P>
    <P Name="ShowName">off</P>
    <P Name="Outputs">2</P>
  </Block>
  <Block BlockType="Product" Name="Divide" SID="2297">
    <P Name="Ports">[2, 1]</P>
    <P Name="Position">[845, 202, 875, 233]</P>
    <P Name="ZOrder">1486</P>
    <P Name="Inputs">*/</P>
  </Block>
  <Block BlockType="Gain" Name="Gain1" SID="2298">
    <P Name="Position">[345, 170, 375, 200]</P>
    <P Name="ZOrder">1465</P>
    <P Name="ShowName">off</P>
    <P Name="Gain">0.8*[-1,1]</P>
  </Block>
  <Block BlockType="Gain" Name="Gain2" SID="2299">
    <P Name="Position">[420, 235, 450, 265]</P>
    <P Name="ZOrder">1469</P>
    <P Name="ShowName">off</P>
    <P Name="Gain">-1</P>
  </Block>
  <Block BlockType="Mux" Name="Mux7" SID="2300">
    <P Name="Ports">[2, 1]</P>
    <P Name="Position">[575, 196, 580, 234]</P>
    <P Name="ZOrder">1467</P>
    <P Name="ShowName">off</P>
    <P Name="Inputs">2</P>
    <P Name="DisplayOption">bar</P>
  </Block>
  <Block BlockType="Mux" Name="Mux8" SID="2301">
    <P Name="Ports">[2, 1]</P>
    <P Name="Position">[925, 208, 930, 252]</P>
    <P Name="ZOrder">1472</P>
    <P Name="ShowName">off</P>
    <P Name="Inputs">2</P>
    <P Name="DisplayOption">bar</P>
  </Block>
  <Block BlockType="S-Function" Name="On-Board Camera" SID="2302">
    <P Name="Ports">[0, 1]</P>
    <P Name="Position">[125, 370, 210, 420]</P>
    <P Name="ZOrder">1483</P>
    <P Name="InstantiateOnLoad">on</P>
    <P Name="CopyFcn">vrmfunc(&apos;FnCopy&apos;, gcbh);</P>
    <P Name="DeleteFcn">vrmfunc(&apos;FnDelete&apos;, gcbh);</P>
    <P Name="LoadFcn">vrmfunc(&apos;FnLoad&apos;, gcbh);</P>
    <P Name="PreSaveFcn">vrmfunc(&apos;FnPreSave&apos;, gcbh);</P>
    <P Name="InitFcn">
</P>
    <P Name="StartFcn">vrmfunc(&apos;FnSimStatus&apos;, gcbh, &apos;running&apos;)</P>
    <P Name="PauseFcn">vrmfunc(&apos;FnSimStatus&apos;, gcbh, &apos;paused&apos;);</P>
    <P Name="ContinueFcn">vrmfunc(&apos;FnSimStatus&apos;, gcbh, &apos;running&apos;);</P>
    <P Name="StopFcn">vrmfunc(&apos;FnStop&apos;, gcbh)</P>
    <P Name="DestroyFcn">vrmfunc(&apos;FnDestroy&apos;, gcbh);</P>
    <P Name="OpenFcn">vrmfunc(&apos;FnOpen&apos;, gcbh);</P>
    <P Name="CloseFcn">vrmfunc(&apos;FnClose&apos;, gcbh);</P>
    <P Name="FunctionName">vrsfunc</P>
    <P Name="Parameters">SampleTime, VideoDimensions, false</P>
    <P Name="SFunctionDeploymentMode">off</P>
    <P Name="EnableBusSupport">off</P>
    <P Name="SFcnIsStateOwnerBlock">off</P>
    <Mask SelfModifiable="on">
      <Type>Virtual Reality Sink</Type>
      <Display RunInitForIconRedraw="off">image(imread(&apos;vrblockicon.png&apos;));
</Display>
      <Description>Controls the selected fields of a virtual world according to given inputs.
</Description>
      <Initialization>set_param(gcbh, &apos;MaskDisplay&apos;, vrmfunc(&apos;FnIcon&apos;));
</Initialization>
      <Help>helpview(vrmfunc(&apos;FnHelpTopic&apos;), &apos;vr_vrtovideo&apos;);
</Help>
      <MaskParameter Name="SampleTime" Type="edit" Tunable="off">
        <Prompt>Sample Time</Prompt>
        <Value>VTs</Value>
      </MaskParameter>
      <MaskParameter Name="ViewEnable" Type="checkbox" Tunable="off">
        <Prompt>View</Prompt>
        <Value>on</Value>
      </MaskParameter>
      <MaskParameter Name="RemoteChange" Type="checkbox" Tunable="off" Visible="off">
        <Prompt>Remote Change</Prompt>
        <Value>off</Value>
      </MaskParameter>
      <MaskParameter Name="RemoteView" Type="checkbox" Tunable="off">
        <Prompt>Remote View</Prompt>
        <Value>off</Value>
      </MaskParameter>
      <MaskParameter Name="FieldsWritten" Type="edit" Evaluate="off" Tunable="off">
        <Prompt>Fields Written</Prompt>
      </MaskParameter>
      <MaskParameter Name="WorldFileName" Type="edit" Evaluate="off" Tunable="off">
        <Prompt>World File Name</Prompt>
        <Value>arena.wrl</Value>
      </MaskParameter>
      <MaskParameter Name="WorldDescription" Type="edit" Evaluate="off">
        <Prompt>World Description</Prompt>
      </MaskParameter>
      <MaskParameter Name="AutoView" Type="checkbox" Tunable="off">
        <Prompt>AutoView</Prompt>
        <Value>off</Value>
      </MaskParameter>
      <MaskParameter Name="VideoDimensions" Type="edit" Tunable="off">
        <Prompt>Video Dimensions</Prompt>
        <Value>[160 120]</Value>
      </MaskParameter>
      <MaskParameter Name="AllowVariableSize" Type="checkbox" Tunable="off">
        <Prompt>Allow Variable Size</Prompt>
        <Value>off</Value>
      </MaskParameter>
      <MaskParameter Name="FigureProperties" Type="edit" Visible="off">
        <Prompt>Figure Properties</Prompt>
        <Value>{&apos;Position&apos;, &apos;Name&apos;, &apos;Viewpoint&apos;, &apos;CameraBound&apos;, &apos;CameraDirection&apos;, &apos;CameraPosition&apos;, &apos;CameraUpVector&apos;, &apos;ZoomFactor&apos;, &apos;Antialiasing&apos;, &apos;Headlight&apos;, &apos;Lighting&apos;, &apos;NavPanel&apos;, &apos;Sound&apos;, &apos;StatusBar&apos;, &apos;Stereo3D&apos;, &apos;Stereo3DCameraOffset&apos;, &apos;Stereo3DHIT&apos;, &apos;ToolBar&apos;, &apos;Textures&apos;, &apos;Transparency&apos;, &apos;Triad&apos;, &apos;Wireframe&apos;, &apos;NavZones&apos;, &apos;NavMode&apos;, &apos;NavSpeed&apos;, &apos;CaptureFileFormat&apos;, &apos;CaptureFileName&apos;, &apos;Record2DCompressMethod&apos;, &apos;Record2DCompressQuality&apos;, &apos;Record2D&apos;, &apos;Record2DFileName&apos;, &apos;Record2DFPS&apos;; [1.7510000000000000e+03   6.0000000000000000e+01   1.2000000000000000e+02   1.6000000000000000e+02], &apos;Minidrone Flight Visualization&apos;, &apos;Quadcopter Camera&apos;, &apos;on&apos;, [0.0000000000000000e+00   0.0000000000000000e+00  -1.0000000000000000e+00], [0.0000000000000000e+00   0.0000000000000000e+00   0.0000000000000000e+00], [0.0000000000000000e+00   1.0000000000000000e+00   0.0000000000000000e+00], [1.0000000000000000e+00], &apos;off&apos;, &apos;on&apos;, &apos;on&apos;, &apos;none&apos;, &apos;on&apos;, &apos;off&apos;, &apos;off&apos;, [1.0000000149011612e-01], [0.0000000000000000e+00], &apos;off&apos;, &apos;on&apos;, &apos;on&apos;, &apos;none&apos;, &apos;off&apos;, &apos;off&apos;, &apos;fly&apos;, &apos;normal&apos;, &apos;tif&apos;, &apos;%f_anim_%n.tif&apos;, &apos;auto&apos;, [7.5000000000000000e+01], &apos;off&apos;, &apos;***video***&apos;, &apos;auto&apos;} </Value>
      </MaskParameter>
    </Mask>
  </Block>
  <Block BlockType="Product" Name="Product" SID="2303">
    <P Name="Ports">[2, 1]</P>
    <P Name="Position">[515, 167, 545, 198]</P>
    <P Name="ZOrder">1464</P>
    <P Name="ShowName">off</P>
  </Block>
  <Block BlockType="Product" Name="Product1" SID="2304">
    <P Name="Ports">[2, 1]</P>
    <P Name="Position">[515, 227, 545, 258]</P>
    <P Name="ZOrder">1466</P>
    <P Name="ShowName">off</P>
  </Block>
  <Block BlockType="SubSystem" Name="RGB to Y1UY2V1" SID="2305">
    <P Name="Ports">[1, 1]</P>
    <P Name="Position">[355, 372, 485, 418]</P>
    <P Name="ZOrder">1484</P>
    <P Name="RequestExecContextInheritance">off</P>
    <System Ref="system_2305"/>
  </Block>
  <Block BlockType="Reshape" Name="Reshape" SID="2326">
    <P Name="Ports">[1, 1]</P>
    <P Name="Position">[230, 173, 260, 197]</P>
    <P Name="ZOrder">1480</P>
    <P Name="ShowName">off</P>
  </Block>
  <Block BlockType="Reference" Name="Rotate" SID="2327">
    <P Name="Ports">[1, 1]</P>
    <P Name="Position">[240, 382, 285, 408]</P>
    <P Name="ZOrder">1485</P>
    <P Name="LibraryVersion">4.9</P>
    <P Name="SourceBlock">visiongeotforms/Rotate</P>
    <P Name="SourceType">Rotate</P>
    <P Name="SourceProductBaseCode">VP</P>
    <InstanceData>
      <P Name="MultithreadedSim">auto</P>
      <P Name="outSizeR">Expanded to fit rotated input image</P>
      <P Name="src_angle">Specify via dialog</P>
      <P Name="unit_angle">Degrees</P>
      <P Name="angle">pi/2</P>
      <P Name="maxAngle">pi</P>
      <P Name="dispImage">Top-left corner</P>
      <P Name="method">Table lookup</P>
      <P Name="fillVal">0</P>
      <P Name="interpMethod">Bilinear</P>
      <P Name="roundingMode">Nearest</P>
      <P Name="overflowMode">on</P>
      <P Name="firstCoeffMode">Same word length as input</P>
      <P Name="firstCoeffWordLength">32</P>
      <P Name="firstCoeffFracLength">10</P>
      <P Name="prodOutputMode">Binary point scaling</P>
      <P Name="prodOutputWordLength">32</P>
      <P Name="prodOutputFracLength">10</P>
      <P Name="accumMode">Same as product output</P>
      <P Name="accumWordLength">32</P>
      <P Name="accumFracLength">10</P>
      <P Name="outputMode">Same as first input</P>
      <P Name="outputWordLength">32</P>
      <P Name="outputFracLength">10</P>
      <P Name="LockScale">off</P>
    </InstanceData>
  </Block>
  <Block BlockType="Selector" Name="Select dx,dy" SID="2328">
    <P Name="Ports">[1, 1]</P>
    <P Name="Position">[690, 143, 715, 187]</P>
    <P Name="ZOrder">1471</P>
    <P Name="ShowName">off</P>
    <P Name="InputPortWidth">3</P>
    <P Name="IndexOptions">Index vector (dialog)</P>
    <P Name="Indices">[1 2]</P>
    <P Name="OutputSizes">1</P>
  </Block>
  <Block BlockType="Selector" Name="Select dx,dy1" SID="2329">
    <P Name="Ports">[1, 1]</P>
    <P Name="Position">[295, 163, 320, 207]</P>
    <P Name="ZOrder">1478</P>
    <P Name="ShowName">off</P>
    <P Name="InputPortWidth">3</P>
    <P Name="IndexOptions">Index vector (dialog)</P>
    <P Name="Indices">[1 2]</P>
    <P Name="OutputSizes">1</P>
  </Block>
  <Block BlockType="Selector" Name="Select dz" SID="2330">
    <P Name="Ports">[1, 1]</P>
    <P Name="Position">[785, 108, 810, 152]</P>
    <P Name="ZOrder">1473</P>
    <P Name="ShowName">off</P>
    <P Name="InputPortWidth">3</P>
    <P Name="IndexOptions">Index vector (dialog)</P>
    <P Name="Indices">3</P>
    <P Name="OutputSizes">1</P>
  </Block>
  <Block BlockType="Selector" Name="Select dz1" SID="2331">
    <P Name="Ports">[1, 1]</P>
    <P Name="Position">[230, 228, 255, 272]</P>
    <P Name="ZOrder">1479</P>
    <P Name="ShowName">off</P>
    <P Name="InputPortWidth">3</P>
    <P Name="IndexOptions">Index vector (dialog)</P>
    <P Name="Indices">3</P>
    <P Name="OutputSizes">1</P>
  </Block>
  <Block BlockType="Selector" Name="SwitchPlanarOpticalFlow" SID="2332">
    <P Name="Ports">[1, 1]</P>
    <P Name="Position">[635, 193, 660, 237]</P>
    <P Name="ZOrder">1468</P>
    <P Name="ShowName">off</P>
    <P Name="InputPortWidth">2</P>
    <P Name="IndexOptions">Index vector (dialog)</P>
    <P Name="Indices">[2 1]</P>
    <P Name="OutputSizes">1</P>
  </Block>
  <Block BlockType="Gain" Name="VelocityToOpticalFlow_Gain" SID="2333">
    <P Name="Position">[965, 215, 995, 245]</P>
    <P Name="ZOrder">1462</P>
    <P Name="ShowName">off</P>
    <P Name="Gain">Sensors.velocityToOpticalFlowGain</P>
  </Block>
  <Block BlockType="Outport" Name="opticalFlow_datout" SID="2334">
    <P Name="Position">[1115, 223, 1145, 237]</P>
    <P Name="ZOrder">1477</P>
    <P Name="VectorParamsAs1DForOutWhenUnconnected">off</P>
  </Block>
  <Block BlockType="Outport" Name="image_data" SID="2335">
    <P Name="Position">[550, 388, 580, 402]</P>
    <P Name="ZOrder">1482</P>
    <P Name="Port">2</P>
    <P Name="VectorParamsAs1DForOutWhenUnconnected">off</P>
  </Block>
  <Line>
    <P Name="ZOrder">76</P>
    <P Name="Src">2332#out:1</P>
    <P Name="Dst">2291#in:2</P>
  </Line>
  <Line>
    <P Name="ZOrder">77</P>
    <P Name="Src">2330#out:1</P>
    <P Name="Points">[85, 0; 0, 110]</P>
    <P Name="Dst">2301#in:2</P>
  </Line>
  <Line>
    <P Name="Name">&lt;X_ned&gt;</P>
    <P Name="ZOrder">78</P>
    <P Name="Labels">[0, 0]</P>
    <P Name="Src">2293#out:1</P>
    <P Name="Dst">2331#in:1</P>
  </Line>
  <Line>
    <P Name="ZOrder">79</P>
    <P Name="Src">2300#out:1</P>
    <P Name="Dst">2332#in:1</P>
  </Line>
  <Line>
    <P Name="Name">&lt;Omega_body&gt;</P>
    <P Name="ZOrder">80</P>
    <P Name="Labels">[0, 0]</P>
    <P Name="Src">2294#out:1</P>
    <P Name="Dst">2326#in:1</P>
  </Line>
  <Line>
    <P Name="ZOrder">81</P>
    <P Name="Src">2333#out:1</P>
    <P Name="Dst">2295#in:1</P>
  </Line>
  <Line>
    <P Name="ZOrder">82</P>
    <P Name="Src">2328#out:1</P>
    <P Name="Points">[20, 0; 0, 35]</P>
    <P Name="Dst">2291#in:1</P>
  </Line>
  <Line>
    <P Name="ZOrder">83</P>
    <P Name="Src">2326#out:1</P>
    <P Name="Dst">2329#in:1</P>
  </Line>
  <Line>
    <P Name="ZOrder">84</P>
    <P Name="Src">2295#out:1</P>
    <P Name="Dst">2334#in:1</P>
  </Line>
  <Line>
    <P Name="ZOrder">89</P>
    <P Name="Src">2299#out:1</P>
    <P Name="Points">[21, 0]</P>
    <Branch>
      <P Name="ZOrder">88</P>
      <P Name="Points">[0, 32; 352, 0; 0, -57]</P>
      <P Name="Dst">2297#in:2</P>
    </Branch>
    <Branch>
      <P Name="ZOrder">87</P>
      <P Name="Points">[20, 0]</P>
      <Branch>
        <P Name="ZOrder">86</P>
        <P Name="Dst">2304#in:2</P>
      </Branch>
      <Branch>
        <P Name="ZOrder">85</P>
        <P Name="Points">[0, -60]</P>
        <P Name="Dst">2303#in:2</P>
      </Branch>
    </Branch>
  </Line>
  <Line>
    <P Name="ZOrder">90</P>
    <P Name="Src">2297#out:1</P>
    <P Name="Dst">2301#in:1</P>
  </Line>
  <Line>
    <P Name="ZOrder">91</P>
    <P Name="Src">2304#out:1</P>
    <P Name="Points">[10, 0]</P>
    <P Name="Dst">2300#in:2</P>
  </Line>
  <Line>
    <P Name="ZOrder">92</P>
    <P Name="Src">2329#out:1</P>
    <P Name="Dst">2298#in:1</P>
  </Line>
  <Line>
    <P Name="ZOrder">93</P>
    <P Name="Src">2302#out:1</P>
    <P Name="Dst">2327#in:1</P>
  </Line>
  <Line>
    <P Name="ZOrder">94</P>
    <P Name="Src">2303#out:1</P>
    <P Name="Points">[10, 0]</P>
    <P Name="Dst">2300#in:1</P>
  </Line>
  <Line>
    <P Name="ZOrder">95</P>
    <P Name="Src">2305#out:1</P>
    <P Name="Dst">2335#in:1</P>
  </Line>
  <Line>
    <P Name="ZOrder">96</P>
    <P Name="Src">2296#out:1</P>
    <P Name="Dst">2303#in:1</P>
  </Line>
  <Line>
    <P Name="ZOrder">97</P>
    <P Name="Src">2298#out:1</P>
    <P Name="Dst">2296#in:1</P>
  </Line>
  <Line>
    <P Name="ZOrder">98</P>
    <P Name="Src">2331#out:1</P>
    <P Name="Dst">2299#in:1</P>
  </Line>
  <Line>
    <P Name="ZOrder">99</P>
    <P Name="Src">2327#out:1</P>
    <P Name="Dst">2305#in:1</P>
  </Line>
  <Line>
    <P Name="Name">&lt;V_body&gt;</P>
    <P Name="ZOrder">102</P>
    <P Name="Labels">[0, 0]</P>
    <P Name="Src">2292#out:1</P>
    <P Name="Points">[522, 0]</P>
    <Branch>
      <P Name="ZOrder">101</P>
      <P Name="Dst">2330#in:1</P>
    </Branch>
    <Branch>
      <P Name="ZOrder">100</P>
      <P Name="Points">[0, 35]</P>
      <P Name="Dst">2328#in:1</P>
    </Branch>
  </Line>
  <Line>
    <P Name="ZOrder">103</P>
    <P Name="Src">2296#out:2</P>
    <P Name="Points">[77, 0; 0, 40]</P>
    <P Name="Dst">2304#in:1</P>
  </Line>
  <Line>
    <P Name="ZOrder">104</P>
    <P Name="Src">2301#out:1</P>
    <P Name="Dst">2333#in:1</P>
  </Line>
  <Line>
    <P Name="ZOrder">109</P>
    <P Name="Src">2290#out:1</P>
    <P Name="Points">[40, 0]</P>
    <Branch>
      <P Name="ZOrder">108</P>
      <P Name="Dst">2292#in:1</P>
    </Branch>
    <Branch>
      <P Name="ZOrder">107</P>
      <P Name="Points">[0, 55]</P>
      <Branch>
        <P Name="ZOrder">106</P>
        <P Name="Dst">2294#in:1</P>
      </Branch>
      <Branch>
        <P Name="ZOrder">105</P>
        <P Name="Points">[0, 65]</P>
        <P Name="Dst">2293#in:1</P>
      </Branch>
    </Branch>
  </Line>
  <Line>
    <P Name="ZOrder">110</P>
    <P Name="Src">2291#out:1</P>
    <P Name="Dst">2297#in:1</P>
  </Line>
  <Annotation SID="2336">
    <P Name="Name">This is a crude simulation of &quot;optical flow&quot; (vx,vy,vz) as 
fed into the c-function rsedu_optical_flow() on the Rolling Spider
by internal, inaccessible code of Parrot&apos;s firmware.
This is assumed to be far from what &quot;optical flow (vx,vy,vz)&quot; actually is!</P>
    <P Name="Position">[187, 16, 499, 66]</P>
    <P Name="InternalMargins">[0, 0, 0, 0]</P>
    <P Name="HorizontalAlignment">left</P>
    <P Name="VerticalAlignment">top</P>
    <P Name="ZOrder">-3</P>
  </Annotation>
</System>
