<?xml version="1.0" encoding="utf-8"?>
<System>
  <P Name="Location">[-8, -8, 1928, 1168]</P>
  <P Name="SystemRect">[0.000000, 0.000000, 0.000000, 0.000000]</P>
  <P Name="SetExecutionDomain">off</P>
  <P Name="ExecutionDomainType">Deduce</P>
  <P Name="SimulinkSubDomain">Simulink</P>
  <Block BlockType="Inport" Name="Flags" SID="1137">
    <P Name="Position">[110, 118, 140, 132]</P>
    <P Name="ZOrder">-1</P>
    <P Name="OutDataTypeStr">uint8</P>
  </Block>
  <Block BlockType="Reference" Name="Compare&#xA;To Zero" SID="1143">
    <P Name="Ports">[1, 1]</P>
    <P Name="Position">[190, 110, 220, 140]</P>
    <P Name="ZOrder">5</P>
    <P Name="LibraryVersion">1.480</P>
    <P Name="SourceBlock">simulink/Logic and Bit
Operations/Compare
To Zero</P>
    <P Name="SourceType">Compare To Zero</P>
    <P Name="SourceProductBaseCode">SL</P>
    <InstanceData>
      <P Name="RTWMemSecFuncInitTerm">Inherit from model</P>
      <P Name="RTWMemSecFuncExecute">Inherit from model</P>
      <P Name="RTWMemSecDataConstants">Inherit from model</P>
      <P Name="RTWMemSecDataInternal">Inherit from model</P>
      <P Name="RTWMemSecDataParameters">Inherit from model</P>
      <P Name="ContentPreviewEnabled">off</P>
      <P Name="relop">&gt;</P>
      <P Name="OutDataTypeStr">boolean</P>
      <P Name="ZeroCross">on</P>
    </InstanceData>
  </Block>
  <Block BlockType="Assertion" Name="Flag has been triggered" SID="1140">
    <P Name="Position">[325, 102, 385, 148]</P>
    <P Name="ZOrder">2</P>
  </Block>
  <Block BlockType="Logic" Name="Logical&#xA;Operator" SID="1142">
    <P Name="Ports">[1, 1]</P>
    <P Name="Position">[255, 109, 285, 141]</P>
    <P Name="ZOrder">4</P>
    <P Name="ShowName">off</P>
    <P Name="HideAutomaticName">off</P>
    <P Name="Operator">NOT</P>
    <P Name="AllPortsSameDT">off</P>
    <P Name="OutDataTypeStr">boolean</P>
  </Block>
  <Line>
    <P Name="ZOrder">2</P>
    <P Name="Src">1137#out:1</P>
    <P Name="Dst">1143#in:1</P>
  </Line>
  <Line>
    <P Name="ZOrder">6</P>
    <P Name="Src">1142#out:1</P>
    <P Name="Dst">1140#in:1</P>
  </Line>
  <Line>
    <P Name="ZOrder">7</P>
    <P Name="Src">1143#out:1</P>
    <P Name="Dst">1142#in:1</P>
  </Line>
</System>
