<?xml version="1.0" encoding="utf-8"?>
<System>
  <P Name="Location">[-8, -8, 1928, 1048]</P>
  <P Name="SystemRect">[0.000000, 0.000000, 0.000000, 0.000000]</P>
  <P Name="SetExecutionDomain">off</P>
  <P Name="ExecutionDomainType">Deduce</P>
  <P Name="SimulinkSubDomain">Simulink</P>
  <Block BlockType="Inport" Name="Actuators" SID="1128">
    <P Name="Position">[55, 103, 85, 117]</P>
    <P Name="ZOrder">-1</P>
  </Block>
  <Block BlockType="Inport" Name="Environment" SID="1131">
    <P Name="Position">[55, 243, 85, 257]</P>
    <P Name="ZOrder">1</P>
    <P Name="Port">2</P>
    <P Name="OutDataTypeStr">Bus: EnvironmentBus</P>
  </Block>
  <Block BlockType="ModelReference" Name="Linear Airframe" SID="1133">
    <P Name="Ports">[2, 1]</P>
    <P Name="Position">[195, 75, 310, 175]</P>
    <P Name="ZOrder">3</P>
    <P Name="ModelNameDialog">linearAirframe.slx</P>
    <Array PropName="ParameterArgumentNames" Type="String" Dimension="1*0"/>
    <Array PropName="ParameterArgumentValues" Type="String" Dimension="1*0"/>
    <P Name="SimulationMode">Normal</P>
    <List ListType="VisibleInports">
      <P Name="port0">on</P>
      <P Name="port1">on</P>
    </List>
    <P Name="VariantControl">VSS_VEHICLE_LINEAR</P>
    <P Name="ModelReferenceVersion">7.0</P>
    <List ListType="InputPortNames">
      <P Name="port0">Actuators</P>
      <P Name="port1">Environment</P>
    </List>
    <List ListType="OutputPortNames">
      <P Name="port0">States</P>
    </List>
    <List ListType="InputPortBusObjects">
      <P Name="port0"/>
      <P Name="port1">EnvironmentBus</P>
    </List>
    <List ListType="OutputPortBusObjects">
      <P Name="port0">StatesBus</P>
    </List>
    <List ListType="OutputPortOutputBusAsStructs">
      <P Name="port0">on</P>
    </List>
    <List ListType="InputPortLatchByCopyingInsideSignal">
      <P Name="port0">off</P>
      <P Name="port1">off</P>
    </List>
    <List ListType="OutputPortUnitExprs">
      <P Name="port0">inherit</P>
    </List>
    <List ListType="InputPortUnitExprs">
      <P Name="port0">inherit</P>
      <P Name="port1">inherit</P>
    </List>
    <List ListType="InputPortLatchByDelayingOutsideSignal">
      <P Name="port0">off</P>
      <P Name="port1">off</P>
    </List>
  </Block>
  <Block BlockType="ModelReference" Name="Nonlinear Airframe" SID="1132">
    <P Name="Ports">[2, 1]</P>
    <P Name="Position">[195, 199, 310, 306]</P>
    <P Name="ZOrder">2</P>
    <P Name="BackgroundColor">[1.000000, 0.694118, 0.392157]</P>
    <P Name="ModelNameDialog">nonlinearAirframe.slx</P>
    <Array PropName="ParameterArgumentNames" Type="String" Dimension="1*0"/>
    <Array PropName="ParameterArgumentValues" Type="String" Dimension="1*0"/>
    <P Name="SimulationMode">Normal</P>
    <List ListType="VisibleInports">
      <P Name="port0">on</P>
      <P Name="port1">on</P>
    </List>
    <P Name="VariantControl">VSS_VEHICLE_NONLINEAR</P>
    <P Name="ModelReferenceVersion">7.0</P>
    <List ListType="InputPortNames">
      <P Name="port0">Actuators</P>
      <P Name="port1">Environment</P>
    </List>
    <List ListType="OutputPortNames">
      <P Name="port0">States</P>
    </List>
    <List ListType="InputPortBusObjects">
      <P Name="port0"/>
      <P Name="port1">EnvironmentBus</P>
    </List>
    <List ListType="OutputPortBusObjects">
      <P Name="port0">StatesBus</P>
    </List>
    <List ListType="OutputPortOutputBusAsStructs">
      <P Name="port0">on</P>
    </List>
    <List ListType="InputPortLatchByCopyingInsideSignal">
      <P Name="port0">off</P>
      <P Name="port1">off</P>
    </List>
    <List ListType="OutputPortUnitExprs">
      <P Name="port0">inherit</P>
    </List>
    <List ListType="InputPortUnitExprs">
      <P Name="port0">rpm</P>
      <P Name="port1">inherit</P>
    </List>
    <List ListType="InputPortLatchByDelayingOutsideSignal">
      <P Name="port0">off</P>
      <P Name="port1">off</P>
    </List>
  </Block>
  <Block BlockType="Outport" Name="States" SID="1129">
    <P Name="Position">[400, 188, 430, 202]</P>
    <P Name="ZOrder">-2</P>
    <P Name="OutDataTypeStr">Bus: StatesBus</P>
    <P Name="VectorParamsAs1DForOutWhenUnconnected">off</P>
  </Block>
  <Annotation SID="1134">
    <P Name="Name">VSS_VEHICLE = 0 will select linear airframe
VSS_VEHICLE = 1 will select nonlnear airframe</P>
    <P Name="Position">[145, 21, 360, 49]</P>
    <P Name="InternalMargins">[1, 1, 1, 1]</P>
    <P Name="HorizontalAlignment">left</P>
    <P Name="DropShadow">on</P>
    <P Name="ZOrder">-1</P>
  </Annotation>
</System>
