<?xml version="1.0" encoding="utf-8"?>
<System>
  <P Name="Location">[-8, -8, 1928, 1168]</P>
  <P Name="SystemRect">[0.000000, 0.000000, 0.000000, 0.000000]</P>
  <P Name="SetExecutionDomain">off</P>
  <P Name="ExecutionDomainType">Deduce</P>
  <P Name="SimulinkSubDomain">Simulink</P>
  <Block BlockType="Inport" Name="States" SID="85">
    <P Name="Position">[55, 103, 85, 117]</P>
    <P Name="ZOrder">-1</P>
    <P Name="OutDataTypeStr">Bus: StatesBus</P>
  </Block>
  <Block BlockType="Reference" Name="Environment (Constant)" SID="89">
    <P Name="Ports">[1, 1]</P>
    <P Name="Position">[195, 92, 320, 148]</P>
    <P Name="ZOrder">27</P>
    <P Name="HideAutomaticName">off</P>
    <P Name="LibraryVersion">7.0</P>
    <P Name="SourceBlock">environmentLibrary/Environment (Constant)</P>
    <P Name="SourceType">SubSystem</P>
    <InstanceData>
      <P Name="ShowPortLabels">FromPortIcon</P>
      <P Name="SystemSampleTime">-1</P>
      <P Name="RTWMemSecFuncInitTerm">Inherit from model</P>
      <P Name="RTWMemSecFuncExecute">Inherit from model</P>
      <P Name="RTWMemSecDataConstants">Inherit from model</P>
      <P Name="RTWMemSecDataInternal">Inherit from model</P>
      <P Name="RTWMemSecDataParameters">Inherit from model</P>
      <P Name="VariantControl">VSS_ENVIRONMENT_CST</P>
      <P Name="VariantActivationTime">update diagram</P>
      <P Name="AllowZeroVariantControls">off</P>
      <P Name="PropagateVariantConditions">off</P>
      <P Name="ContentPreviewEnabled">off</P>
      <P Name="Latency">0</P>
      <P Name="AutoFrameSizeCalculation">off</P>
    </InstanceData>
  </Block>
  <Block BlockType="Reference" Name="Environment (Variable)" SID="88">
    <P Name="Ports">[1, 1]</P>
    <P Name="Position">[195, 177, 320, 233]</P>
    <P Name="ZOrder">25</P>
    <P Name="BackgroundColor">[1.000000, 0.694118, 0.392157]</P>
    <P Name="HideAutomaticName">off</P>
    <P Name="LibraryVersion">7.0</P>
    <P Name="SourceBlock">environmentLibrary/Environment (Variable)</P>
    <P Name="SourceType">SubSystem</P>
    <InstanceData>
      <P Name="ShowPortLabels">FromPortIcon</P>
      <P Name="SystemSampleTime">-1</P>
      <P Name="RTWMemSecFuncInitTerm">Inherit from model</P>
      <P Name="RTWMemSecFuncExecute">Inherit from model</P>
      <P Name="RTWMemSecDataConstants">Inherit from model</P>
      <P Name="RTWMemSecDataInternal">Inherit from model</P>
      <P Name="RTWMemSecDataParameters">Inherit from model</P>
      <P Name="VariantControl">VSS_ENVIRONMENT_VARIABLE</P>
      <P Name="VariantActivationTime">update diagram</P>
      <P Name="AllowZeroVariantControls">off</P>
      <P Name="PropagateVariantConditions">off</P>
      <P Name="ContentPreviewEnabled">off</P>
      <P Name="Latency">0</P>
      <P Name="AutoFrameSizeCalculation">off</P>
    </InstanceData>
  </Block>
  <Block BlockType="Outport" Name="Environment" SID="86">
    <P Name="Position">[415, 103, 445, 117]</P>
    <P Name="ZOrder">-2</P>
    <P Name="OutDataTypeStr">Bus: EnvironmentBus</P>
    <P Name="VectorParamsAs1DForOutWhenUnconnected">off</P>
  </Block>
  <Annotation SID="87">
    <P Name="Name">VSS_ENVIRONMENT = 0 will select constant environment variables
VSS_ENVIRONMENT = 1 will select environment variables depending on position</P>
    <P Name="Position">[91, 28, 457, 56]</P>
    <P Name="InternalMargins">[1, 1, 1, 1]</P>
    <P Name="HorizontalAlignment">left</P>
    <P Name="DropShadow">on</P>
    <P Name="ZOrder">-1</P>
  </Annotation>
</System>
