<?xml version="1.0" encoding="utf-8"?>
<System>
  <P Name="Location">[2, 7, 1040, 743]</P>
  <P Name="SystemRect">[0.000000, 0.000000, 0.000000, 0.000000]</P>
  <P Name="SetExecutionDomain">off</P>
  <P Name="ExecutionDomainType">Deduce</P>
  <P Name="ZoomFactor">176</P>
  <P Name="SimulinkSubDomain">Simulink</P>
  <Block BlockType="Inport" Name="States" SID="1736">
    <P Name="Position">[-110, 518, -80, 532]</P>
    <P Name="ZOrder">987</P>
  </Block>
  <Block BlockType="Inport" Name="Environment" SID="1737">
    <P Name="Position">[-110, 638, -80, 652]</P>
    <P Name="ZOrder">1069</P>
    <P Name="Port">2</P>
  </Block>
  <Block BlockType="SubSystem" Name="Camera" SID="1738">
    <P Name="Ports">[1, 2]</P>
    <P Name="Position">[65, 486, 195, 559]</P>
    <P Name="ZOrder">1357</P>
    <P Name="RequestExecContextInheritance">off</P>
    <System Ref="system_1738"/>
  </Block>
  <Block BlockType="SubSystem" Name="IMU_Pressure" SID="1739">
    <P Name="Ports">[2, 1]</P>
    <P Name="Position">[40, 606, 220, 659]</P>
    <P Name="ZOrder">1067</P>
    <P Name="RequestExecContextInheritance">off</P>
    <System Ref="system_1739"/>
  </Block>
  <Block BlockType="RateTransition" Name="Rate Transition1" SID="1762">
    <P Name="Position">[290, 494, 305, 516]</P>
    <P Name="ZOrder">1024</P>
    <P Name="ShowName">off</P>
    <P Name="OutPortSampleTime">Ts</P>
  </Block>
  <Block BlockType="RateTransition" Name="Rate Transition2" SID="1763">
    <P Name="Position">[285, 624, 300, 646]</P>
    <P Name="ZOrder">553</P>
    <P Name="ShowName">off</P>
    <P Name="OutPortSampleTime">Ts</P>
  </Block>
  <Block BlockType="Outport" Name="opticalFlow_data" SID="1764">
    <P Name="Position">[365, 498, 395, 512]</P>
    <P Name="ZOrder">993</P>
    <P Name="VectorParamsAs1DForOutWhenUnconnected">off</P>
  </Block>
  <Block BlockType="Outport" Name="sensordata_data" SID="1765">
    <P Name="Position">[365, 628, 395, 642]</P>
    <P Name="ZOrder">992</P>
    <P Name="Port">2</P>
    <P Name="OutDataTypeStr">Bus: HAL_acquisition_t</P>
    <P Name="VectorParamsAs1DForOutWhenUnconnected">off</P>
  </Block>
  <Block BlockType="Outport" Name="camera_data" SID="1852">
    <P Name="Position">[365, 533, 395, 547]</P>
    <P Name="ZOrder">1358</P>
    <P Name="HideAutomaticName">off</P>
    <P Name="Port">3</P>
    <P Name="VectorParamsAs1DForOutWhenUnconnected">off</P>
  </Block>
  <Line>
    <P Name="ZOrder">1</P>
    <P Name="Src">1737#out:1</P>
    <P Name="Dst">1739#in:2</P>
  </Line>
  <Line>
    <P Name="ZOrder">15</P>
    <P Name="Src">1738#out:1</P>
    <P Name="Dst">1762#in:1</P>
  </Line>
  <Line>
    <P Name="ZOrder">3</P>
    <P Name="Src">1739#out:1</P>
    <P Name="Dst">1763#in:1</P>
  </Line>
  <Line>
    <P Name="ZOrder">4</P>
    <P Name="Src">1762#out:1</P>
    <P Name="Dst">1764#in:1</P>
  </Line>
  <Line>
    <P Name="ZOrder">5</P>
    <P Name="Src">1763#out:1</P>
    <P Name="Dst">1765#in:1</P>
  </Line>
  <Line>
    <P Name="ZOrder">6</P>
    <P Name="Src">1736#out:1</P>
    <P Name="Points">[79, 0]</P>
    <Branch>
      <P Name="ZOrder">14</P>
      <P Name="Dst">1738#in:1</P>
    </Branch>
    <Branch>
      <P Name="ZOrder">11</P>
      <P Name="Points">[0, 95]</P>
      <P Name="Dst">1739#in:1</P>
    </Branch>
  </Line>
  <Line>
    <P Name="ZOrder">16</P>
    <P Name="Src">1738#out:2</P>
    <P Name="Dst">1852#in:1</P>
  </Line>
</System>
