<?xml version="1.0" encoding="utf-8"?>
<System>
  <P Name="Location">[2, 7, 1040, 743]</P>
  <P Name="SystemRect">[0.000000, 0.000000, 0.000000, 0.000000]</P>
  <P Name="SetExecutionDomain">off</P>
  <P Name="ExecutionDomainType">Deduce</P>
  <P Name="ZoomFactor">179</P>
  <P Name="SimulinkSubDomain">Simulink</P>
  <Block BlockType="Inport" Name="Actuators" SID="1550">
    <P Name="Position">[20, 513, 50, 527]</P>
    <P Name="ZOrder">20</P>
  </Block>
  <Block BlockType="Inport" Name="States" SID="1551">
    <P Name="Position">[90, 513, 120, 527]</P>
    <P Name="ZOrder">-1</P>
    <P Name="Port">2</P>
  </Block>
  <Block BlockType="SubSystem" Name="Extract Flight Instruments" SID="1556">
    <P Name="Ports">[2]</P>
    <P Name="Position">[150, 384, 245, 491]</P>
    <P Name="ZOrder">-19</P>
    <P Name="BackgroundColor">[1.000000, 0.694118, 0.392157]</P>
    <P Name="RequestExecContextInheritance">off</P>
    <System Ref="system_1556"/>
  </Block>
  <Block BlockType="SubSystem" Name="Simulink 3D" SID="1586">
    <P Name="Ports">[2]</P>
    <P Name="Position">[150, 536, 240, 629]</P>
    <P Name="ZOrder">81</P>
    <P Name="BackgroundColor">[1.000000, 0.694118, 0.392157]</P>
    <P Name="RequestExecContextInheritance">off</P>
    <P Name="VariantControl">VSS_VISUALIZATION_SL3D</P>
    <Mask>
      <Display RunInitForIconRedraw="off"/>
      <Initialization>visualizationFlightGearVars;</Initialization>
    </Mask>
    <System Ref="system_1586"/>
  </Block>
  <Line>
    <P Name="ZOrder">1</P>
    <P Name="Src">1550#out:1</P>
    <P Name="Points">[3, 0]</P>
    <Branch>
      <P Name="ZOrder">9</P>
      <P Name="Points">[0, -110]</P>
      <P Name="Dst">1556#in:1</P>
    </Branch>
    <Branch>
      <P Name="ZOrder">3</P>
      <P Name="Points">[0, 85]</P>
      <P Name="Dst">1586#in:2</P>
    </Branch>
  </Line>
  <Line>
    <P Name="ZOrder">4</P>
    <P Name="Src">1551#out:1</P>
    <P Name="Points">[5, 0]</P>
    <Branch>
      <P Name="ZOrder">7</P>
      <P Name="Points">[0, -55]</P>
      <P Name="Dst">1556#in:2</P>
    </Branch>
    <Branch>
      <P Name="ZOrder">5</P>
      <P Name="Points">[0, 40]</P>
      <P Name="Dst">1586#in:1</P>
    </Branch>
  </Line>
</System>
