<?xml version="1.0" encoding="utf-8"?>
<System>
  <P Name="Location">[2, 7, 1040, 743]</P>
  <P Name="SystemRect">[0.000000, 0.000000, 0.000000, 0.000000]</P>
  <P Name="SetExecutionDomain">off</P>
  <P Name="ExecutionDomainType">Deduce</P>
  <P Name="ZoomFactor">105</P>
  <P Name="SimulinkSubDomain">Simulink</P>
  <Block BlockType="Inport" Name="States" SID="1587">
    <P Name="Position">[110, 198, 140, 212]</P>
    <P Name="ZOrder">-1</P>
  </Block>
  <Block BlockType="Inport" Name="Actuators" SID="1588">
    <P Name="Position">[305, 348, 335, 362]</P>
    <P Name="ZOrder">17</P>
    <P Name="Port">2</P>
  </Block>
  <Block BlockType="SubSystem" Name="Axes to VR Axes" SID="1589">
    <P Name="Ports">[1, 1]</P>
    <P Name="Position">[240, 216, 355, 244]</P>
    <P Name="ZOrder">13</P>
    <P Name="RequestExecContextInheritance">off</P>
    <System Ref="system_1589"/>
  </Block>
  <Block BlockType="SubSystem" Name="Axes to VR Axes&#xA;Camera Chase" SID="1595">
    <P Name="Ports">[1, 1]</P>
    <P Name="Position">[375, 518, 430, 542]</P>
    <P Name="ZOrder">56</P>
    <P Name="RequestExecContextInheritance">off</P>
    <System Ref="system_1595"/>
  </Block>
  <Block BlockType="SubSystem" Name="Axes to VR Axes&#xA;Camera Iso" SID="1601">
    <P Name="Ports">[1, 1]</P>
    <P Name="Position">[315, 468, 370, 492]</P>
    <P Name="ZOrder">53</P>
    <P Name="RequestExecContextInheritance">off</P>
    <System Ref="system_1601"/>
  </Block>
  <Block BlockType="Reference" Name="Boundary Collision Detection " SID="2384">
    <P Name="Ports">[0, 1]</P>
    <P Name="Position">[715, 342, 840, 408]</P>
    <P Name="ZOrder">61</P>
    <P Name="LibraryVersion">4.2</P>
    <P Name="SourceBlock">vrlib/VR Source</P>
    <P Name="SourceType">Virtual Reality Source</P>
    <P Name="SourceProductBaseCode">SL</P>
    <P Name="InstantiateOnLoad">on</P>
    <InstanceData>
      <P Name="MultithreadedSim">auto</P>
      <P Name="SampleTime">12*Ts</P>
      <P Name="ViewEnable">on</P>
      <P Name="RemoteChange">off</P>
      <P Name="RemoteView">off</P>
      <P Name="FieldsRead">Collision_Sensor.isActive.1.1.1.logical</P>
      <P Name="WorldFileName">arena.wrl</P>
      <P Name="AutoView">off</P>
      <P Name="VideoDimensions">[]</P>
      <P Name="AllowVariableSize">off</P>
    </InstanceData>
  </Block>
  <Block BlockType="BusSelector" Name="Bus&#xA;Selector" SID="1607">
    <P Name="Ports">[1, 2]</P>
    <P Name="Position">[165, 155, 175, 255]</P>
    <P Name="ZOrder">14</P>
    <P Name="ShowName">off</P>
    <P Name="OutputSignals">Euler,X_ned</P>
    <Port>
      <P Name="PortNumber">1</P>
      <P Name="Name">&lt;Euler&gt;</P>
    </Port>
    <Port>
      <P Name="PortNumber">2</P>
      <P Name="Name">&lt;X_ned&gt;</P>
    </Port>
  </Block>
  <Block BlockType="Bias" Name="Camera bias Chase" SID="1608">
    <P Name="Position">[240, 522, 285, 538]</P>
    <P Name="ZOrder">58</P>
    <P Name="Bias">[-4 0 -.9558]&apos;</P>
    <P Name="SaturateOnIntegerOverflow">off</P>
  </Block>
  <Block BlockType="Bias" Name="Camera bias Iso" SID="1609">
    <P Name="Position">[240, 472, 285, 488]</P>
    <P Name="ZOrder">55</P>
    <P Name="Bias">[0.9009 .99 -.6247]&apos;</P>
    <P Name="SaturateOnIntegerOverflow">off</P>
  </Block>
  <Block BlockType="SubSystem" Name="Euler to VR" SID="1610">
    <P Name="Ports">[1, 1]</P>
    <P Name="Position">[240, 167, 355, 193]</P>
    <P Name="ZOrder">12</P>
    <P Name="BackgroundColor">[1.000000, 0.694118, 0.392157]</P>
    <P Name="RequestExecContextInheritance">off</P>
    <System Ref="system_1610"/>
  </Block>
  <Block BlockType="Logic" Name="Logical&#xA;Operator" SID="2387">
    <P Name="Ports">[1, 1]</P>
    <P Name="Position">[885, 359, 915, 391]</P>
    <P Name="ZOrder">64</P>
    <P Name="ShowName">off</P>
    <P Name="HideAutomaticName">off</P>
    <P Name="Operator">NOT</P>
    <P Name="AllPortsSameDT">off</P>
    <P Name="OutDataTypeStr">boolean</P>
  </Block>
  <Block BlockType="RateTransition" Name="Rate Transition" SID="1662">
    <P Name="Position">[405, 159, 445, 201]</P>
    <P Name="ZOrder">15</P>
    <P Name="ShowName">off</P>
  </Block>
  <Block BlockType="RateTransition" Name="Rate Transition1" SID="1663">
    <P Name="Position">[405, 209, 445, 251]</P>
    <P Name="ZOrder">16</P>
    <P Name="ShowName">off</P>
  </Block>
  <Block BlockType="RateTransition" Name="Rate Transition2" SID="1664">
    <P Name="Position">[400, 459, 440, 501]</P>
    <P Name="ZOrder">54</P>
    <P Name="ShowName">off</P>
  </Block>
  <Block BlockType="RateTransition" Name="Rate Transition3" SID="1665">
    <P Name="Position">[450, 509, 490, 551]</P>
    <P Name="ZOrder">57</P>
    <P Name="ShowName">off</P>
  </Block>
  <Block BlockType="Assertion" Name="Stop Simulation" SID="2386">
    <P Name="Position">[955, 352, 1015, 398]</P>
    <P Name="ZOrder">63</P>
    <P Name="AssertionFailFcn">error(&apos;The model has stopped as the drone hit the boundary.&apos;)</P>
  </Block>
  <Block BlockType="SubSystem" Name="Subsystem" SID="1666">
    <P Name="Ports">[1, 4]</P>
    <P Name="Position">[380, 252, 490, 458]</P>
    <P Name="ZOrder">36</P>
    <P Name="RequestExecContextInheritance">off</P>
    <System Ref="system_1666"/>
  </Block>
  <Block BlockType="Reference" Name="VR Sink" SID="1687">
    <P Name="Ports">[8]</P>
    <P Name="Position">[515, 145, 650, 565]</P>
    <P Name="ZOrder">11</P>
    <P Name="LibraryVersion">4.2</P>
    <P Name="SourceBlock">vrlib/VR Sink</P>
    <P Name="SourceType">Virtual Reality Sink</P>
    <P Name="SourceProductBaseCode">SL</P>
    <P Name="InstantiateOnLoad">on</P>
    <InstanceData>
      <P Name="MultithreadedSim">auto</P>
      <P Name="SampleTime">12*Ts</P>
      <P Name="ViewEnable">on</P>
      <P Name="RemoteChange">off</P>
      <P Name="RemoteView">off</P>
      <P Name="FieldsWritten">QuadBody.rotation.4.1.1.double#QuadBody.translation.3.1.1.double#Blade1.rotation.4.1.1.double#Blade3.rotation.4.1.1.double#Blade2.rotation.4.1.1.double#Blade4.rotation.4.1.1.double#IsoNoRotation.position.3.1.1.double#OnQuadNoRotation.position.3.1.1.double</P>
      <P Name="WorldFileName">arena.wrl</P>
      <P Name="AutoView">on</P>
      <P Name="VideoDimensions">[]</P>
      <P Name="AllowVariableSize">off</P>
    </InstanceData>
  </Block>
  <Line>
    <P Name="ZOrder">1</P>
    <P Name="Src">1610#out:1</P>
    <P Name="Dst">1662#in:1</P>
  </Line>
  <Line>
    <P Name="ZOrder">2</P>
    <P Name="Src">1589#out:1</P>
    <P Name="Dst">1663#in:1</P>
  </Line>
  <Line>
    <P Name="Name">&lt;Euler&gt;</P>
    <P Name="ZOrder">3</P>
    <P Name="Labels">[0, 0]</P>
    <P Name="Src">1607#out:1</P>
    <P Name="Dst">1610#in:1</P>
  </Line>
  <Line>
    <P Name="Name">&lt;X_ned&gt;</P>
    <P Name="ZOrder">4</P>
    <P Name="Labels">[0, 0]</P>
    <P Name="Src">1607#out:2</P>
    <P Name="Points">[32, 0]</P>
    <Branch>
      <P Name="ZOrder">5</P>
      <P Name="Points">[0, 250]</P>
      <Branch>
        <P Name="ZOrder">6</P>
        <P Name="Points">[0, 50]</P>
        <P Name="Dst">1608#in:1</P>
      </Branch>
      <Branch>
        <P Name="ZOrder">7</P>
        <P Name="Dst">1609#in:1</P>
      </Branch>
    </Branch>
    <Branch>
      <P Name="ZOrder">8</P>
      <P Name="Dst">1589#in:1</P>
    </Branch>
  </Line>
  <Line>
    <P Name="ZOrder">9</P>
    <P Name="Src">1587#out:1</P>
    <P Name="Dst">1607#in:1</P>
  </Line>
  <Line>
    <P Name="ZOrder">10</P>
    <P Name="Src">1588#out:1</P>
    <P Name="Dst">1666#in:1</P>
  </Line>
  <Line>
    <P Name="ZOrder">11</P>
    <P Name="Src">1601#out:1</P>
    <P Name="Dst">1664#in:1</P>
  </Line>
  <Line>
    <P Name="ZOrder">12</P>
    <P Name="Src">1609#out:1</P>
    <P Name="Dst">1601#in:1</P>
  </Line>
  <Line>
    <P Name="ZOrder">13</P>
    <P Name="Src">1662#out:1</P>
    <P Name="Dst">1687#in:1</P>
  </Line>
  <Line>
    <P Name="ZOrder">14</P>
    <P Name="Src">1663#out:1</P>
    <P Name="Dst">1687#in:2</P>
  </Line>
  <Line>
    <P Name="ZOrder">15</P>
    <P Name="Src">1666#out:1</P>
    <P Name="Dst">1687#in:3</P>
  </Line>
  <Line>
    <P Name="ZOrder">16</P>
    <P Name="Src">1666#out:2</P>
    <P Name="Dst">1687#in:4</P>
  </Line>
  <Line>
    <P Name="ZOrder">17</P>
    <P Name="Src">1666#out:3</P>
    <P Name="Dst">1687#in:5</P>
  </Line>
  <Line>
    <P Name="ZOrder">18</P>
    <P Name="Src">1666#out:4</P>
    <P Name="Dst">1687#in:6</P>
  </Line>
  <Line>
    <P Name="ZOrder">19</P>
    <P Name="Src">1664#out:1</P>
    <P Name="Dst">1687#in:7</P>
  </Line>
  <Line>
    <P Name="ZOrder">20</P>
    <P Name="Src">1595#out:1</P>
    <P Name="Dst">1665#in:1</P>
  </Line>
  <Line>
    <P Name="ZOrder">21</P>
    <P Name="Src">1665#out:1</P>
    <P Name="Dst">1687#in:8</P>
  </Line>
  <Line>
    <P Name="ZOrder">22</P>
    <P Name="Src">1608#out:1</P>
    <P Name="Dst">1595#in:1</P>
  </Line>
  <Line>
    <P Name="ZOrder">26</P>
    <P Name="Src">2384#out:1</P>
    <P Name="Dst">2387#in:1</P>
  </Line>
  <Line>
    <P Name="ZOrder">25</P>
    <P Name="Src">2387#out:1</P>
    <P Name="Dst">2386#in:1</P>
  </Line>
</System>
