<?xml version="1.0" encoding="utf-8"?>
<System>
  <P Name="Location">[-7, -7, 1543, 841]</P>
  <P Name="SystemRect">[0.000000, 0.000000, 0.000000, 0.000000]</P>
  <P Name="SetExecutionDomain">off</P>
  <P Name="ExecutionDomainType">Deduce</P>
  <P Name="ZoomFactor">97</P>
  <P Name="SimulinkSubDomain">Simulink</P>
  <Block BlockType="Inport" Name="ReferenceValueServerCmds" SID="410">
    <P Name="Position">[-465, 268, -435, 282]</P>
    <P Name="ZOrder">-1</P>
    <P Name="ForegroundColor">red</P>
  </Block>
  <Block BlockType="Inport" Name="EstimatedVal" SID="412">
    <P Name="Position">[-465, 398, -435, 412]</P>
    <P Name="ZOrder">7</P>
    <P Name="ForegroundColor">red</P>
    <P Name="Port">2</P>
  </Block>
  <Block BlockType="Inport" Name="Vision-based Data" SID="411">
    <P Name="Position">[-465, 673, -435, 687]</P>
    <P Name="ZOrder">6</P>
    <P Name="ForegroundColor">green</P>
    <P Name="Port">3</P>
  </Block>
  <Block BlockType="BusSelector" Name="Bus&#xA;Selector1" SID="588">
    <P Name="Ports">[1, 6]</P>
    <P Name="Position">[-325, 359, -320, 446]</P>
    <P Name="ZOrder">285</P>
    <P Name="ShowName">off</P>
    <P Name="OutputSignals">X,Y,Z,yaw,pitch,roll</P>
    <Port>
      <P Name="PortNumber">1</P>
      <P Name="Name">&lt;X&gt;</P>
    </Port>
    <Port>
      <P Name="PortNumber">2</P>
      <P Name="Name">&lt;Y&gt;</P>
    </Port>
    <Port>
      <P Name="PortNumber">3</P>
      <P Name="Name">&lt;Z&gt;</P>
    </Port>
    <Port>
      <P Name="PortNumber">4</P>
      <P Name="Name">&lt;yaw&gt;</P>
    </Port>
    <Port>
      <P Name="PortNumber">5</P>
      <P Name="Name">&lt;pitch&gt;</P>
    </Port>
    <Port>
      <P Name="PortNumber">6</P>
      <P Name="Name">&lt;roll&gt;</P>
    </Port>
  </Block>
  <Block BlockType="BusAssignment" Name="Bus &#xA;Assignment" SID="413">
    <P Name="Ports">[2, 1]</P>
    <P Name="Position">[430, 265, 505, 300]</P>
    <P Name="ZOrder">1</P>
    <P Name="ForegroundColor">red</P>
    <P Name="AssignedSignals">pos_ref</P>
  </Block>
  <Block BlockType="SubSystem" Name="Chart" SID="2689">
    <P Name="Ports">[3, 3]</P>
    <P Name="Position">[-75, 620, 45, 690]</P>
    <P Name="ZOrder">335</P>
    <P Name="ErrorFcn">Stateflow.Translate.translate</P>
    <P Name="PermitHierarchicalResolution">ExplicitOnly</P>
    <P Name="TreatAsAtomicUnit">on</P>
    <P Name="RequestExecContextInheritance">off</P>
    <P Name="SFBlockType">Chart</P>
    <P Name="ContentPreviewEnabled">on</P>
    <System Ref="system_2689"/>
  </Block>
  <Block BlockType="Mux" Name="Mux" SID="2694">
    <P Name="Ports">[3, 1]</P>
    <P Name="Position">[205, 611, 210, 649]</P>
    <P Name="ZOrder">5723</P>
    <P Name="Inputs">3</P>
    <P Name="DisplayOption">bar</P>
  </Block>
  <Block BlockType="Terminator" Name="Terminator1" SID="589">
    <P Name="Position">[-240, 360, -230, 370]</P>
    <P Name="ZOrder">286</P>
    <P Name="NameLocation">top</P>
    <P Name="ShowName">off</P>
  </Block>
  <Block BlockType="Terminator" Name="Terminator3" SID="592">
    <P Name="Position">[-240, 390, -230, 400]</P>
    <P Name="ZOrder">289</P>
    <P Name="NameLocation">top</P>
    <P Name="ShowName">off</P>
  </Block>
  <Block BlockType="Terminator" Name="Terminator4" SID="593">
    <P Name="Position">[-240, 405, -230, 415]</P>
    <P Name="ZOrder">290</P>
    <P Name="NameLocation">top</P>
    <P Name="ShowName">off</P>
  </Block>
  <Block BlockType="Terminator" Name="Terminator5" SID="615">
    <P Name="Position">[-240, 420, -230, 430]</P>
    <P Name="ZOrder">292</P>
    <P Name="NameLocation">top</P>
    <P Name="ShowName">off</P>
  </Block>
  <Block BlockType="Terminator" Name="Terminator6" SID="616">
    <P Name="Position">[-240, 435, -230, 445]</P>
    <P Name="ZOrder">293</P>
    <P Name="NameLocation">top</P>
    <P Name="ShowName">off</P>
  </Block>
  <Block BlockType="Outport" Name="UpdatedReferenceCmds" SID="419">
    <P Name="Position">[555, 278, 585, 292]</P>
    <P Name="ZOrder">-2</P>
    <P Name="ForegroundColor">red</P>
    <P Name="VectorParamsAs1DForOutWhenUnconnected">off</P>
  </Block>
  <Line>
    <P Name="ZOrder">1</P>
    <P Name="Src">413#out:1</P>
    <P Name="Dst">419#in:1</P>
  </Line>
  <Line>
    <P Name="ZOrder">2</P>
    <P Name="Src">410#out:1</P>
    <P Name="Dst">413#in:1</P>
  </Line>
  <Line>
    <P Name="ZOrder">75</P>
    <P Name="Src">412#out:1</P>
    <P Name="Dst">588#in:1</P>
  </Line>
  <Line>
    <P Name="Name">&lt;X&gt;</P>
    <P Name="ZOrder">374</P>
    <P Name="Labels">[1, 1]</P>
    <P Name="Src">588#out:1</P>
    <P Name="Points">[6, 0; 0, 265]</P>
    <P Name="Dst">2689#in:1</P>
  </Line>
  <Line>
    <P Name="Name">&lt;Y&gt;</P>
    <P Name="ZOrder">347</P>
    <P Name="Labels">[0, 0]</P>
    <P Name="Src">588#out:2</P>
    <P Name="Points">[38, 0; 0, 275]</P>
    <P Name="Dst">2689#in:2</P>
  </Line>
  <Line>
    <P Name="Name">&lt;yaw&gt;</P>
    <P Name="ZOrder">82</P>
    <P Name="Labels">[1, 1]</P>
    <P Name="Src">588#out:4</P>
    <P Name="Dst">593#in:1</P>
  </Line>
  <Line>
    <P Name="Name">&lt;pitch&gt;</P>
    <P Name="ZOrder">95</P>
    <P Name="Labels">[1, 1]</P>
    <P Name="Src">588#out:5</P>
    <P Name="Dst">615#in:1</P>
  </Line>
  <Line>
    <P Name="Name">&lt;roll&gt;</P>
    <P Name="ZOrder">96</P>
    <P Name="Labels">[1, 1]</P>
    <P Name="Src">588#out:6</P>
    <P Name="Dst">616#in:1</P>
  </Line>
  <Line>
    <P Name="ZOrder">356</P>
    <P Name="Src">2694#out:1</P>
    <P Name="Points">[158, 0; 0, -340]</P>
    <P Name="Dst">413#in:2</P>
  </Line>
  <Line>
    <P Name="ZOrder">349</P>
    <P Name="Src">411#out:1</P>
    <P Name="Dst">2689#in:3</P>
  </Line>
  <Line>
    <P Name="ZOrder">352</P>
    <P Name="Src">2689#out:1</P>
    <P Name="Points">[35, 0; 0, -10]</P>
    <P Name="Dst">2694#in:1</P>
  </Line>
  <Line>
    <P Name="ZOrder">353</P>
    <P Name="Src">2689#out:2</P>
    <P Name="Points">[74, 0; 0, -25]</P>
    <P Name="Dst">2694#in:2</P>
  </Line>
  <Line>
    <P Name="ZOrder">354</P>
    <P Name="Src">2689#out:3</P>
    <P Name="Points">[110, 0; 0, -40]</P>
    <P Name="Dst">2694#in:3</P>
  </Line>
  <Line>
    <P Name="Name">&lt;Z&gt;</P>
    <P Name="ZOrder">386</P>
    <P Name="Labels">[0, 0]</P>
    <P Name="Src">588#out:3</P>
    <P Name="Dst">592#in:1</P>
  </Line>
  <Annotation SID="594">
    <P Name="Name">Estimated values from the 
State Estimator</P>
    <P Name="Position">[-366, 302, -207, 473]</P>
    <P Name="InternalMargins">[0, 0, 0, 0]</P>
    <P Name="FixedWidth">on</P>
    <P Name="HorizontalAlignment">left</P>
    <P Name="VerticalAlignment">top</P>
    <P Name="ForegroundColor">[1.000000, 0.870588, 0.756863]</P>
    <P Name="BackgroundColor">[1.000000, 0.870588, 0.756863]</P>
    <P Name="DropShadow">on</P>
    <P Name="AnnotationType">area_annotation</P>
    <P Name="ZOrder">1661</P>
    <P Name="FontSize">12</P>
  </Annotation>
</System>
