<?xml version="1.0" encoding="utf-8"?>
<System>
  <P Name="Location">[2, 9, 1040, 744]</P>
  <P Name="SystemRect">[0.000000, 0.000000, 0.000000, 0.000000]</P>
  <P Name="SetExecutionDomain">off</P>
  <P Name="ExecutionDomainType">Deduce</P>
  <P Name="ZoomFactor">70</P>
  <P Name="SimulinkSubDomain">Simulink</P>
  <Block BlockType="Inport" Name="Z_estimin" SID="2584">
    <P Name="Position">[390, 668, 420, 682]</P>
    <P Name="ZOrder">1120</P>
    <P Name="ForegroundColor">red</P>
  </Block>
  <Block BlockType="Inport" Name="orient_estimin" SID="2585">
    <P Name="Position">[280, 93, 310, 107]</P>
    <P Name="ZOrder">1119</P>
    <P Name="ForegroundColor">red</P>
    <P Name="Port">2</P>
  </Block>
  <Block BlockType="Inport" Name="sensorIMU_datin" SID="2586">
    <P Name="Position">[280, 358, 310, 372]</P>
    <P Name="ZOrder">1121</P>
    <P Name="ForegroundColor">red</P>
    <P Name="Port">3</P>
  </Block>
  <Block BlockType="Inport" Name="dxy_estimin" SID="2587">
    <P Name="Position">[395, 603, 425, 617]</P>
    <P Name="ZOrder">1124</P>
    <P Name="ForegroundColor">red</P>
    <P Name="Port">4</P>
  </Block>
  <Block BlockType="Inport" Name="dxyOF_datin" SID="2588">
    <P Name="Position">[395, 558, 425, 572]</P>
    <P Name="ZOrder">1131</P>
    <P Name="ForegroundColor">red</P>
    <P Name="Port">5</P>
  </Block>
  <Block BlockType="Abs" Name="Abs" SID="2589">
    <P Name="Position">[750, 150, 780, 180]</P>
    <P Name="ZOrder">316</P>
    <P Name="ForegroundColor">red</P>
    <P Name="ShowName">off</P>
    <P Name="SaturateOnIntegerOverflow">off</P>
  </Block>
  <Block BlockType="Abs" Name="Abs1" SID="2590">
    <P Name="Position">[750, 190, 780, 220]</P>
    <P Name="ZOrder">317</P>
    <P Name="ForegroundColor">red</P>
    <P Name="ShowName">off</P>
    <P Name="SaturateOnIntegerOverflow">off</P>
  </Block>
  <Block BlockType="Abs" Name="Abs2" SID="2591">
    <P Name="Position">[750, 75, 780, 105]</P>
    <P Name="ZOrder">338</P>
    <P Name="ForegroundColor">red</P>
    <P Name="ShowName">off</P>
    <P Name="SaturateOnIntegerOverflow">off</P>
  </Block>
  <Block BlockType="Abs" Name="Abs3" SID="2592">
    <P Name="Position">[750, 110, 780, 140]</P>
    <P Name="ZOrder">339</P>
    <P Name="ForegroundColor">red</P>
    <P Name="ShowName">off</P>
    <P Name="SaturateOnIntegerOverflow">off</P>
  </Block>
  <Block BlockType="Abs" Name="Abs4" SID="2593">
    <P Name="Position">[750, 440, 780, 470]</P>
    <P Name="ZOrder">403</P>
    <P Name="ForegroundColor">red</P>
    <P Name="ShowName">off</P>
    <P Name="SaturateOnIntegerOverflow">off</P>
  </Block>
  <Block BlockType="Abs" Name="Abs5" SID="2594">
    <P Name="Position">[745, 485, 775, 515]</P>
    <P Name="ZOrder">404</P>
    <P Name="ForegroundColor">red</P>
    <P Name="ShowName">off</P>
    <P Name="SaturateOnIntegerOverflow">off</P>
  </Block>
  <Block BlockType="Abs" Name="Abs6" SID="2595">
    <P Name="Position">[750, 265, 780, 295]</P>
    <P Name="ZOrder">430</P>
    <P Name="ForegroundColor">red</P>
    <P Name="ShowName">off</P>
    <P Name="SaturateOnIntegerOverflow">off</P>
  </Block>
  <Block BlockType="Abs" Name="Abs7" SID="2596">
    <P Name="Position">[750, 310, 780, 340]</P>
    <P Name="ZOrder">431</P>
    <P Name="ForegroundColor">red</P>
    <P Name="ShowName">off</P>
    <P Name="SaturateOnIntegerOverflow">off</P>
  </Block>
  <Block BlockType="Abs" Name="Abs8" SID="2597">
    <P Name="Position">[745, 570, 775, 600]</P>
    <P Name="ZOrder">1128</P>
    <P Name="ForegroundColor">red</P>
    <P Name="ShowName">off</P>
    <P Name="SaturateOnIntegerOverflow">off</P>
  </Block>
  <Block BlockType="Abs" Name="Abs9" SID="2598">
    <P Name="Position">[745, 615, 775, 645]</P>
    <P Name="ZOrder">1129</P>
    <P Name="ForegroundColor">red</P>
    <P Name="ShowName">off</P>
    <P Name="SaturateOnIntegerOverflow">off</P>
  </Block>
  <Block BlockType="Sum" Name="Add" SID="2599">
    <P Name="Ports">[2, 1]</P>
    <P Name="Position">[525, 587, 555, 618]</P>
    <P Name="ZOrder">1130</P>
    <P Name="ForegroundColor">red</P>
    <P Name="IconShape">rectangular</P>
    <P Name="Inputs">-+</P>
  </Block>
  <Block BlockType="BusSelector" Name="Bus&#xA;Selector" SID="2600">
    <P Name="Ports">[1, 2]</P>
    <P Name="Position">[390, 346, 395, 384]</P>
    <P Name="ZOrder">1112</P>
    <P Name="ForegroundColor">red</P>
    <P Name="ShowName">off</P>
    <P Name="OutputSignals">p,q</P>
    <Port>
      <P Name="PortNumber">1</P>
      <P Name="Name">&lt;p&gt;</P>
    </Port>
    <Port>
      <P Name="PortNumber">2</P>
      <P Name="Name">&lt;q&gt;</P>
    </Port>
  </Block>
  <Block BlockType="Demux" Name="Demux1" SID="2601">
    <P Name="Ports">[1, 2]</P>
    <P Name="Position">[715, 446, 720, 484]</P>
    <P Name="ZOrder">400</P>
    <P Name="ForegroundColor">red</P>
    <P Name="ShowName">off</P>
    <P Name="Outputs">2</P>
  </Block>
  <Block BlockType="Demux" Name="Demux2" SID="2602">
    <P Name="Ports">[1, 2]</P>
    <P Name="Position">[725, 281, 730, 319]</P>
    <P Name="ZOrder">427</P>
    <P Name="ForegroundColor">red</P>
    <P Name="ShowName">off</P>
    <P Name="Outputs">2</P>
  </Block>
  <Block BlockType="Demux" Name="Demux3" SID="2603">
    <P Name="Ports">[1, 2]</P>
    <P Name="Position">[585, 586, 590, 624]</P>
    <P Name="ZOrder">1125</P>
    <P Name="ForegroundColor">red</P>
    <P Name="ShowName">off</P>
    <P Name="Outputs">2</P>
  </Block>
  <Block BlockType="Demux" Name="Demux4" SID="2604">
    <P Name="Ports">[1, 2]</P>
    <P Name="Position">[725, 166, 730, 204]</P>
    <P Name="ZOrder">312</P>
    <P Name="ForegroundColor">red</P>
    <P Name="ShowName">off</P>
    <P Name="Outputs">2</P>
  </Block>
  <Block BlockType="Demux" Name="Demux5" SID="2605">
    <P Name="Ports">[1, 2]</P>
    <P Name="Position">[725, 81, 730, 119]</P>
    <P Name="ZOrder">335</P>
    <P Name="ForegroundColor">red</P>
    <P Name="ShowName">off</P>
    <P Name="Outputs">2</P>
  </Block>
  <Block BlockType="Reference" Name="DiscreteDerivative" SID="2606">
    <P Name="Ports">[1, 1]</P>
    <P Name="Position">[630, 282, 690, 318]</P>
    <P Name="ZOrder">426</P>
    <P Name="ForegroundColor">red</P>
    <P Name="LibraryVersion">1.480</P>
    <P Name="SourceBlock">simulink/Discrete/Discrete Derivative</P>
    <P Name="SourceType">Discrete Derivative</P>
    <P Name="SourceProductBaseCode">SL</P>
    <InstanceData>
      <P Name="RTWMemSecFuncInitTerm">Inherit from model</P>
      <P Name="RTWMemSecFuncExecute">Inherit from model</P>
      <P Name="RTWMemSecDataConstants">Inherit from model</P>
      <P Name="RTWMemSecDataInternal">Inherit from model</P>
      <P Name="RTWMemSecDataParameters">Inherit from model</P>
      <P Name="ContentPreviewEnabled">off</P>
      <P Name="gainval">1.0</P>
      <P Name="ICPrevScaledInput">0.0</P>
      <P Name="InputProcessing">Elements as channels (sample based)</P>
      <P Name="OutMin">[]</P>
      <P Name="OutMax">[]</P>
      <P Name="OutDataTypeStr">Inherit: Inherit via internal rule</P>
      <P Name="OutputDataTypeScalingMode">Inherit via internal rule</P>
      <P Name="OutDataType">fixdt(1, 16)</P>
      <P Name="OutScaling">2^-10</P>
      <P Name="LockScale">off</P>
      <P Name="RndMeth">Floor</P>
      <P Name="DoSatur">off</P>
    </InstanceData>
    <Port>
      <P Name="PortNumber">1</P>
      <P Name="Name">dpq</P>
    </Port>
  </Block>
  <Block BlockType="DiscreteFilter" Name="IIRgyroz" SID="2607">
    <P Name="Ports">[1, 1]</P>
    <P Name="Position">[530, 282, 590, 318]</P>
    <P Name="ZOrder">1143</P>
    <P Name="ForegroundColor">red</P>
    <P Name="InputPortMap">u0</P>
    <P Name="Numerator">Estimator.IMU.filterGyroNum</P>
    <P Name="Denominator">Estimator.IMU.filterGyroDen</P>
  </Block>
  <Block BlockType="Logic" Name="Logical&#xA;Operator" SID="2608">
    <P Name="Ports">[6, 1]</P>
    <P Name="Position">[1010, 83, 1030, 222]</P>
    <P Name="ZOrder">313</P>
    <P Name="ForegroundColor">red</P>
    <P Name="ShowName">off</P>
    <P Name="Inputs">6</P>
    <P Name="AllPortsSameDT">off</P>
    <P Name="OutDataTypeStr">boolean</P>
  </Block>
  <Block BlockType="Logic" Name="Logical&#xA;Operator1" SID="2609">
    <P Name="Ports">[2, 1]</P>
    <P Name="Position">[1000, 446, 1030, 479]</P>
    <P Name="ZOrder">410</P>
    <P Name="ForegroundColor">red</P>
    <P Name="ShowName">off</P>
    <P Name="AllPortsSameDT">off</P>
    <P Name="OutDataTypeStr">boolean</P>
  </Block>
  <Block BlockType="Logic" Name="Logical&#xA;Operator2" SID="2610">
    <P Name="Ports">[2, 1]</P>
    <P Name="Position">[1085, 248, 1120, 277]</P>
    <P Name="ZOrder">411</P>
    <P Name="ForegroundColor">red</P>
    <P Name="ShowName">off</P>
    <P Name="Operator">OR</P>
    <P Name="AllPortsSameDT">off</P>
    <P Name="OutDataTypeStr">boolean</P>
  </Block>
  <Block BlockType="Logic" Name="Logical&#xA;Operator3" SID="2611">
    <P Name="Ports">[4, 1]</P>
    <P Name="Position">[1350, 247, 1380, 358]</P>
    <P Name="ZOrder">1123</P>
    <P Name="ForegroundColor">red</P>
    <P Name="ShowName">off</P>
    <P Name="Inputs">4</P>
    <P Name="AllPortsSameDT">off</P>
    <P Name="OutDataTypeStr">boolean</P>
  </Block>
  <Block BlockType="Mux" Name="Mux5" SID="2612">
    <P Name="Ports">[2, 1]</P>
    <P Name="Position">[435, 346, 440, 384]</P>
    <P Name="ZOrder">1113</P>
    <P Name="ForegroundColor">red</P>
    <P Name="ShowName">off</P>
    <P Name="Inputs">2</P>
    <P Name="DisplayOption">bar</P>
  </Block>
  <Block BlockType="Selector" Name="Selectpitchroll" SID="2613">
    <P Name="Ports">[1, 1]</P>
    <P Name="Position">[370, 78, 395, 122]</P>
    <P Name="ZOrder">1118</P>
    <P Name="ForegroundColor">red</P>
    <P Name="InputPortWidth">3</P>
    <P Name="IndexOptions">Index vector (dialog)</P>
    <P Name="Indices">[2 3]</P>
    <P Name="OutputSizes">1</P>
  </Block>
  <Block BlockType="Reference" Name="maxdw1" SID="2614">
    <P Name="Ports">[1, 1]</P>
    <P Name="Position">[815, 267, 970, 293]</P>
    <P Name="ZOrder">429</P>
    <P Name="ForegroundColor">red</P>
    <P Name="ShowName">off</P>
    <P Name="LibraryVersion">1.480</P>
    <P Name="SourceBlock">simulink/Logic and Bit
Operations/Compare
To Constant</P>
    <P Name="SourceType">Compare To Constant</P>
    <P Name="SourceProductBaseCode">SL</P>
    <InstanceData>
      <P Name="RTWMemSecFuncInitTerm">Inherit from model</P>
      <P Name="RTWMemSecFuncExecute">Inherit from model</P>
      <P Name="RTWMemSecDataConstants">Inherit from model</P>
      <P Name="RTWMemSecDataInternal">Inherit from model</P>
      <P Name="RTWMemSecDataParameters">Inherit from model</P>
      <P Name="ContentPreviewEnabled">off</P>
      <P Name="relop">&lt;=</P>
      <P Name="const">Estimator.pos.ofDPQMax</P>
      <P Name="OutDataTypeStr">boolean</P>
      <P Name="ZeroCross">on</P>
    </InstanceData>
  </Block>
  <Block BlockType="Reference" Name="maxdw2" SID="2615">
    <P Name="Ports">[1, 1]</P>
    <P Name="Position">[815, 310, 970, 340]</P>
    <P Name="ZOrder">428</P>
    <P Name="ForegroundColor">red</P>
    <P Name="ShowName">off</P>
    <P Name="LibraryVersion">1.480</P>
    <P Name="SourceBlock">simulink/Logic and Bit
Operations/Compare
To Constant</P>
    <P Name="SourceType">Compare To Constant</P>
    <P Name="SourceProductBaseCode">SL</P>
    <InstanceData>
      <P Name="RTWMemSecFuncInitTerm">Inherit from model</P>
      <P Name="RTWMemSecFuncExecute">Inherit from model</P>
      <P Name="RTWMemSecDataConstants">Inherit from model</P>
      <P Name="RTWMemSecDataInternal">Inherit from model</P>
      <P Name="RTWMemSecDataParameters">Inherit from model</P>
      <P Name="ContentPreviewEnabled">off</P>
      <P Name="relop">&lt;=</P>
      <P Name="const">Estimator.pos.ofDPQMax</P>
      <P Name="OutDataTypeStr">boolean</P>
      <P Name="ZeroCross">on</P>
    </InstanceData>
  </Block>
  <Block BlockType="Reference" Name="maxp" SID="2616">
    <P Name="Ports">[1, 1]</P>
    <P Name="Position">[810, 77, 960, 103]</P>
    <P Name="ZOrder">337</P>
    <P Name="ForegroundColor">red</P>
    <P Name="ShowName">off</P>
    <P Name="LibraryVersion">1.480</P>
    <P Name="SourceBlock">simulink/Logic and Bit
Operations/Compare
To Constant</P>
    <P Name="SourceType">Compare To Constant</P>
    <P Name="SourceProductBaseCode">SL</P>
    <InstanceData>
      <P Name="RTWMemSecFuncInitTerm">Inherit from model</P>
      <P Name="RTWMemSecFuncExecute">Inherit from model</P>
      <P Name="RTWMemSecDataConstants">Inherit from model</P>
      <P Name="RTWMemSecDataInternal">Inherit from model</P>
      <P Name="RTWMemSecDataParameters">Inherit from model</P>
      <P Name="ContentPreviewEnabled">off</P>
      <P Name="relop">&lt;=</P>
      <P Name="const">Estimator.pos.ofPitchRollMax</P>
      <P Name="OutDataTypeStr">boolean</P>
      <P Name="ZeroCross">on</P>
    </InstanceData>
  </Block>
  <Block BlockType="Reference" Name="maxp2" SID="2617">
    <P Name="Ports">[1, 1]</P>
    <P Name="Position">[810, 440, 970, 470]</P>
    <P Name="ZOrder">402</P>
    <P Name="ForegroundColor">red</P>
    <P Name="ShowName">off</P>
    <P Name="LibraryVersion">1.480</P>
    <P Name="SourceBlock">simulink/Logic and Bit
Operations/Compare
To Constant</P>
    <P Name="SourceType">Compare To Constant</P>
    <P Name="SourceProductBaseCode">SL</P>
    <InstanceData>
      <P Name="RTWMemSecFuncInitTerm">Inherit from model</P>
      <P Name="RTWMemSecFuncExecute">Inherit from model</P>
      <P Name="RTWMemSecDataConstants">Inherit from model</P>
      <P Name="RTWMemSecDataInternal">Inherit from model</P>
      <P Name="RTWMemSecDataParameters">Inherit from model</P>
      <P Name="ContentPreviewEnabled">off</P>
      <P Name="relop">&lt;=</P>
      <P Name="const">Estimator.pos.ofPQHovMax</P>
      <P Name="OutDataTypeStr">boolean</P>
      <P Name="ZeroCross">on</P>
    </InstanceData>
  </Block>
  <Block BlockType="Reference" Name="maxq" SID="2618">
    <P Name="Ports">[1, 1]</P>
    <P Name="Position">[805, 117, 955, 133]</P>
    <P Name="ZOrder">336</P>
    <P Name="ForegroundColor">red</P>
    <P Name="ShowName">off</P>
    <P Name="LibraryVersion">1.480</P>
    <P Name="SourceBlock">simulink/Logic and Bit
Operations/Compare
To Constant</P>
    <P Name="SourceType">Compare To Constant</P>
    <P Name="SourceProductBaseCode">SL</P>
    <InstanceData>
      <P Name="RTWMemSecFuncInitTerm">Inherit from model</P>
      <P Name="RTWMemSecFuncExecute">Inherit from model</P>
      <P Name="RTWMemSecDataConstants">Inherit from model</P>
      <P Name="RTWMemSecDataInternal">Inherit from model</P>
      <P Name="RTWMemSecDataParameters">Inherit from model</P>
      <P Name="ContentPreviewEnabled">off</P>
      <P Name="relop">&lt;=</P>
      <P Name="const">Estimator.pos.ofPitchRollMax</P>
      <P Name="OutDataTypeStr">boolean</P>
      <P Name="ZeroCross">on</P>
    </InstanceData>
  </Block>
  <Block BlockType="Reference" Name="maxq2" SID="2619">
    <P Name="Ports">[1, 1]</P>
    <P Name="Position">[810, 485, 975, 515]</P>
    <P Name="ZOrder">401</P>
    <P Name="ForegroundColor">red</P>
    <P Name="ShowName">off</P>
    <P Name="LibraryVersion">1.480</P>
    <P Name="SourceBlock">simulink/Logic and Bit
Operations/Compare
To Constant</P>
    <P Name="SourceType">Compare To Constant</P>
    <P Name="SourceProductBaseCode">SL</P>
    <InstanceData>
      <P Name="RTWMemSecFuncInitTerm">Inherit from model</P>
      <P Name="RTWMemSecFuncExecute">Inherit from model</P>
      <P Name="RTWMemSecDataConstants">Inherit from model</P>
      <P Name="RTWMemSecDataInternal">Inherit from model</P>
      <P Name="RTWMemSecDataParameters">Inherit from model</P>
      <P Name="ContentPreviewEnabled">off</P>
      <P Name="relop">&lt;=</P>
      <P Name="const">Estimator.pos.ofPQHovMax</P>
      <P Name="OutDataTypeStr">boolean</P>
      <P Name="ZeroCross">on</P>
    </InstanceData>
  </Block>
  <Block BlockType="Reference" Name="maxw1" SID="2620">
    <P Name="Ports">[1, 1]</P>
    <P Name="Position">[810, 152, 950, 178]</P>
    <P Name="ZOrder">315</P>
    <P Name="ForegroundColor">red</P>
    <P Name="ShowName">off</P>
    <P Name="LibraryVersion">1.480</P>
    <P Name="SourceBlock">simulink/Logic and Bit
Operations/Compare
To Constant</P>
    <P Name="SourceType">Compare To Constant</P>
    <P Name="SourceProductBaseCode">SL</P>
    <InstanceData>
      <P Name="RTWMemSecFuncInitTerm">Inherit from model</P>
      <P Name="RTWMemSecFuncExecute">Inherit from model</P>
      <P Name="RTWMemSecDataConstants">Inherit from model</P>
      <P Name="RTWMemSecDataInternal">Inherit from model</P>
      <P Name="RTWMemSecDataParameters">Inherit from model</P>
      <P Name="ContentPreviewEnabled">off</P>
      <P Name="relop">&lt;=</P>
      <P Name="const">Estimator.pos.ofPQMax</P>
      <P Name="OutDataTypeStr">boolean</P>
      <P Name="ZeroCross">on</P>
    </InstanceData>
  </Block>
  <Block BlockType="Reference" Name="maxw2" SID="2621">
    <P Name="Ports">[1, 1]</P>
    <P Name="Position">[810, 192, 955, 218]</P>
    <P Name="ZOrder">314</P>
    <P Name="ForegroundColor">red</P>
    <P Name="ShowName">off</P>
    <P Name="LibraryVersion">1.480</P>
    <P Name="SourceBlock">simulink/Logic and Bit
Operations/Compare
To Constant</P>
    <P Name="SourceType">Compare To Constant</P>
    <P Name="SourceProductBaseCode">SL</P>
    <InstanceData>
      <P Name="RTWMemSecFuncInitTerm">Inherit from model</P>
      <P Name="RTWMemSecFuncExecute">Inherit from model</P>
      <P Name="RTWMemSecDataConstants">Inherit from model</P>
      <P Name="RTWMemSecDataInternal">Inherit from model</P>
      <P Name="RTWMemSecDataParameters">Inherit from model</P>
      <P Name="ContentPreviewEnabled">off</P>
      <P Name="relop">&lt;=</P>
      <P Name="const">Estimator.pos.ofPQMax</P>
      <P Name="OutDataTypeStr">boolean</P>
      <P Name="ZeroCross">on</P>
    </InstanceData>
  </Block>
  <Block BlockType="Reference" Name="maxw3" SID="2622">
    <P Name="Ports">[1, 1]</P>
    <P Name="Position">[805, 570, 960, 590]</P>
    <P Name="ZOrder">1127</P>
    <P Name="ForegroundColor">red</P>
    <P Name="ShowName">off</P>
    <P Name="LibraryVersion">1.480</P>
    <P Name="SourceBlock">simulink/Logic and Bit
Operations/Compare
To Constant</P>
    <P Name="SourceType">Compare To Constant</P>
    <P Name="SourceProductBaseCode">SL</P>
    <InstanceData>
      <P Name="RTWMemSecFuncInitTerm">Inherit from model</P>
      <P Name="RTWMemSecFuncExecute">Inherit from model</P>
      <P Name="RTWMemSecDataConstants">Inherit from model</P>
      <P Name="RTWMemSecDataInternal">Inherit from model</P>
      <P Name="RTWMemSecDataParameters">Inherit from model</P>
      <P Name="ContentPreviewEnabled">off</P>
      <P Name="relop">&lt;=</P>
      <P Name="const">Estimator.pos.deltaDXYMax</P>
      <P Name="OutDataTypeStr">boolean</P>
      <P Name="ZeroCross">on</P>
    </InstanceData>
  </Block>
  <Block BlockType="Reference" Name="maxw4" SID="2623">
    <P Name="Ports">[1, 1]</P>
    <P Name="Position">[805, 615, 965, 645]</P>
    <P Name="ZOrder">1126</P>
    <P Name="ForegroundColor">red</P>
    <P Name="ShowName">off</P>
    <P Name="LibraryVersion">1.480</P>
    <P Name="SourceBlock">simulink/Logic and Bit
Operations/Compare
To Constant</P>
    <P Name="SourceType">Compare To Constant</P>
    <P Name="SourceProductBaseCode">SL</P>
    <InstanceData>
      <P Name="RTWMemSecFuncInitTerm">Inherit from model</P>
      <P Name="RTWMemSecFuncExecute">Inherit from model</P>
      <P Name="RTWMemSecDataConstants">Inherit from model</P>
      <P Name="RTWMemSecDataInternal">Inherit from model</P>
      <P Name="RTWMemSecDataParameters">Inherit from model</P>
      <P Name="ContentPreviewEnabled">off</P>
      <P Name="relop">&lt;=</P>
      <P Name="const">Estimator.pos.deltaDXYMax</P>
      <P Name="OutDataTypeStr">boolean</P>
      <P Name="ZeroCross">on</P>
    </InstanceData>
  </Block>
  <Block BlockType="Reference" Name="minHeightforOF" SID="2624">
    <P Name="Ports">[1, 1]</P>
    <P Name="Position">[460, 664, 670, 686]</P>
    <P Name="ZOrder">311</P>
    <P Name="ForegroundColor">red</P>
    <P Name="ShowName">off</P>
    <P Name="LibraryVersion">1.480</P>
    <P Name="SourceBlock">simulink/Logic and Bit
Operations/Compare
To Constant</P>
    <P Name="SourceType">Compare To Constant</P>
    <P Name="SourceProductBaseCode">SL</P>
    <InstanceData>
      <P Name="RTWMemSecFuncInitTerm">Inherit from model</P>
      <P Name="RTWMemSecFuncExecute">Inherit from model</P>
      <P Name="RTWMemSecDataConstants">Inherit from model</P>
      <P Name="RTWMemSecDataInternal">Inherit from model</P>
      <P Name="RTWMemSecDataParameters">Inherit from model</P>
      <P Name="ContentPreviewEnabled">off</P>
      <P Name="relop">&lt;=</P>
      <P Name="const">Estimator.pos.opticalFlowZMax</P>
      <P Name="OutDataTypeStr">boolean</P>
      <P Name="ZeroCross">on</P>
    </InstanceData>
  </Block>
  <Block BlockType="Outport" Name="enable_flag" SID="2625">
    <P Name="Position">[1465, 298, 1495, 312]</P>
    <P Name="ZOrder">1122</P>
    <P Name="ForegroundColor">red</P>
    <P Name="VectorParamsAs1DForOutWhenUnconnected">off</P>
  </Block>
  <Line>
    <P Name="ZOrder">1</P>
    <P Name="Src">2624#out:1</P>
    <P Name="Points">[542, 0; 0, -335]</P>
    <P Name="Dst">2611#in:4</P>
  </Line>
  <Line>
    <P Name="ZOrder">2</P>
    <P Name="Src">2607#out:1</P>
    <P Name="Dst">2606#in:1</P>
  </Line>
  <Line>
    <P Name="ZOrder">3</P>
    <P Name="Src">2612#out:1</P>
    <P Name="Points">[25, 0]</P>
    <Branch>
      <P Name="ZOrder">4</P>
      <P Name="Points">[0, 100]</P>
      <P Name="Dst">2601#in:1</P>
    </Branch>
    <Branch>
      <P Name="ZOrder">5</P>
      <P Name="Points">[0, -65]</P>
      <Branch>
        <P Name="ZOrder">6</P>
        <P Name="Points">[0, -115]</P>
        <P Name="Dst">2604#in:1</P>
      </Branch>
      <Branch>
        <P Name="ZOrder">7</P>
        <P Name="Dst">2607#in:1</P>
      </Branch>
    </Branch>
  </Line>
  <Line>
    <P Name="ZOrder">8</P>
    <P Name="Src">2623#out:1</P>
    <P Name="Points">[213, 0; 0, -315]</P>
    <P Name="Dst">2611#in:3</P>
  </Line>
  <Line>
    <P Name="ZOrder">9</P>
    <P Name="Src">2622#out:1</P>
    <P Name="Points">[186, 0; 0, -290]</P>
    <P Name="Dst">2611#in:2</P>
  </Line>
  <Line>
    <P Name="ZOrder">10</P>
    <P Name="Src">2588#out:1</P>
    <P Name="Points">[50, 0; 0, 30]</P>
    <P Name="Dst">2599#in:1</P>
  </Line>
  <Line>
    <P Name="ZOrder">11</P>
    <P Name="Src">2603#out:2</P>
    <P Name="Points">[73, 0; 0, 15]</P>
    <P Name="Dst">2598#in:1</P>
  </Line>
  <Line>
    <P Name="ZOrder">12</P>
    <P Name="Src">2603#out:1</P>
    <P Name="Points">[73, 0; 0, -10]</P>
    <P Name="Dst">2597#in:1</P>
  </Line>
  <Line>
    <P Name="ZOrder">13</P>
    <P Name="Src">2587#out:1</P>
    <P Name="Dst">2599#in:2</P>
  </Line>
  <Line>
    <P Name="ZOrder">14</P>
    <P Name="Src">2599#out:1</P>
    <P Name="Dst">2603#in:1</P>
  </Line>
  <Line>
    <P Name="ZOrder">15</P>
    <P Name="Src">2598#out:1</P>
    <P Name="Dst">2623#in:1</P>
  </Line>
  <Line>
    <P Name="ZOrder">16</P>
    <P Name="Src">2597#out:1</P>
    <P Name="Points">[10, 0]</P>
    <P Name="Dst">2622#in:1</P>
  </Line>
  <Line>
    <P Name="ZOrder">17</P>
    <P Name="Src">2610#out:1</P>
    <P Name="Dst">2611#in:1</P>
  </Line>
  <Line>
    <P Name="ZOrder">18</P>
    <P Name="Src">2611#out:1</P>
    <P Name="Dst">2625#in:1</P>
  </Line>
  <Line>
    <P Name="Name">dpq</P>
    <P Name="ZOrder">19</P>
    <P Name="Labels">[1, 1]</P>
    <P Name="Src">2606#out:1</P>
    <P Name="Dst">2602#in:1</P>
  </Line>
  <Line>
    <P Name="ZOrder">20</P>
    <P Name="Src">2602#out:2</P>
    <P Name="Dst">2596#in:1</P>
  </Line>
  <Line>
    <P Name="ZOrder">21</P>
    <P Name="Src">2602#out:1</P>
    <P Name="Dst">2595#in:1</P>
  </Line>
  <Line>
    <P Name="ZOrder">22</P>
    <P Name="Src">2596#out:1</P>
    <P Name="Dst">2615#in:1</P>
  </Line>
  <Line>
    <P Name="ZOrder">23</P>
    <P Name="Src">2595#out:1</P>
    <P Name="Dst">2614#in:1</P>
  </Line>
  <Line>
    <P Name="ZOrder">24</P>
    <P Name="Src">2609#out:1</P>
    <P Name="Points">[18, 0; 0, -195]</P>
    <P Name="Dst">2610#in:2</P>
  </Line>
  <Line>
    <P Name="ZOrder">25</P>
    <P Name="Src">2601#out:2</P>
    <P Name="Points">[5, 0]</P>
    <P Name="Dst">2594#in:1</P>
  </Line>
  <Line>
    <P Name="ZOrder">26</P>
    <P Name="Src">2601#out:1</P>
    <P Name="Dst">2593#in:1</P>
  </Line>
  <Line>
    <P Name="ZOrder">27</P>
    <P Name="Src">2594#out:1</P>
    <P Name="Dst">2619#in:1</P>
  </Line>
  <Line>
    <P Name="ZOrder">28</P>
    <P Name="Src">2593#out:1</P>
    <P Name="Dst">2617#in:1</P>
  </Line>
  <Line>
    <P Name="ZOrder">29</P>
    <P Name="Src">2592#out:1</P>
    <P Name="Dst">2618#in:1</P>
  </Line>
  <Line>
    <P Name="ZOrder">30</P>
    <P Name="Src">2591#out:1</P>
    <P Name="Dst">2616#in:1</P>
  </Line>
  <Line>
    <P Name="ZOrder">31</P>
    <P Name="Src">2604#out:2</P>
    <P Name="Dst">2590#in:1</P>
  </Line>
  <Line>
    <P Name="ZOrder">32</P>
    <P Name="Src">2604#out:1</P>
    <P Name="Dst">2589#in:1</P>
  </Line>
  <Line>
    <P Name="ZOrder">33</P>
    <P Name="Src">2590#out:1</P>
    <P Name="Dst">2621#in:1</P>
  </Line>
  <Line>
    <P Name="ZOrder">34</P>
    <P Name="Src">2589#out:1</P>
    <P Name="Dst">2620#in:1</P>
  </Line>
  <Line>
    <P Name="ZOrder">35</P>
    <P Name="Src">2584#out:1</P>
    <P Name="Dst">2624#in:1</P>
  </Line>
  <Line>
    <P Name="ZOrder">36</P>
    <P Name="Src">2608#out:1</P>
    <P Name="Points">[18, 0; 0, 100]</P>
    <P Name="Dst">2610#in:1</P>
  </Line>
  <Line>
    <P Name="ZOrder">37</P>
    <P Name="Src">2620#out:1</P>
    <P Name="Points">[33, 0; 0, -25]</P>
    <P Name="Dst">2608#in:3</P>
  </Line>
  <Line>
    <P Name="Name">&lt;p&gt;</P>
    <P Name="ZOrder">38</P>
    <P Name="Labels">[0, 0]</P>
    <P Name="Src">2600#out:1</P>
    <P Name="Dst">2612#in:1</P>
  </Line>
  <Line>
    <P Name="ZOrder">39</P>
    <P Name="Src">2613#out:1</P>
    <P Name="Dst">2605#in:1</P>
  </Line>
  <Line>
    <P Name="ZOrder">40</P>
    <P Name="Src">2586#out:1</P>
    <P Name="Dst">2600#in:1</P>
  </Line>
  <Line>
    <P Name="ZOrder">41</P>
    <P Name="Src">2619#out:1</P>
    <P Name="Points">[5, 0]</P>
    <P Name="Dst">2609#in:2</P>
  </Line>
  <Line>
    <P Name="Name">&lt;q&gt;</P>
    <P Name="ZOrder">42</P>
    <P Name="Labels">[0, 0]</P>
    <P Name="Src">2600#out:2</P>
    <P Name="Dst">2612#in:2</P>
  </Line>
  <Line>
    <P Name="ZOrder">43</P>
    <P Name="Src">2616#out:1</P>
    <P Name="Dst">2608#in:1</P>
  </Line>
  <Line>
    <P Name="ZOrder">44</P>
    <P Name="Src">2621#out:1</P>
    <P Name="Points">[35, 0]</P>
    <P Name="Dst">2608#in:4</P>
  </Line>
  <Line>
    <P Name="ZOrder">45</P>
    <P Name="Src">2585#out:1</P>
    <P Name="Dst">2613#in:1</P>
  </Line>
  <Line>
    <P Name="ZOrder">46</P>
    <P Name="Src">2614#out:1</P>
    <P Name="Points">[8, 0; 0, -90]</P>
    <P Name="Dst">2608#in:5</P>
  </Line>
  <Line>
    <P Name="ZOrder">47</P>
    <P Name="Src">2615#out:1</P>
    <P Name="Points">[20, 0]</P>
    <P Name="Dst">2608#in:6</P>
  </Line>
  <Line>
    <P Name="ZOrder">48</P>
    <P Name="Src">2618#out:1</P>
    <P Name="Points">[20, 0; 0, -10]</P>
    <P Name="Dst">2608#in:2</P>
  </Line>
  <Line>
    <P Name="ZOrder">49</P>
    <P Name="Src">2605#out:1</P>
    <P Name="Dst">2591#in:1</P>
  </Line>
  <Line>
    <P Name="ZOrder">50</P>
    <P Name="Src">2605#out:2</P>
    <P Name="Points">[5, 0; 0, 15]</P>
    <P Name="Dst">2592#in:1</P>
  </Line>
  <Line>
    <P Name="ZOrder">51</P>
    <P Name="Src">2617#out:1</P>
    <P Name="Dst">2609#in:1</P>
  </Line>
  <Annotation SID="2630">
    <P Name="Name">prevents use of optical flow with large angles, angular rates or accelerations</P>
    <P Name="Position">[1053, 127, 1389, 141]</P>
    <P Name="InternalMargins">[0, 0, 0, 0]</P>
    <P Name="HorizontalAlignment">left</P>
    <P Name="VerticalAlignment">top</P>
    <P Name="ZOrder">-1</P>
  </Annotation>
  <Annotation SID="2629">
    <P Name="Name">enables OF for very
low angular rates</P>
    <P Name="Position">[1008, 487, 1097, 513]</P>
    <P Name="InternalMargins">[0, 0, 0, 0]</P>
    <P Name="HorizontalAlignment">left</P>
    <P Name="VerticalAlignment">top</P>
    <P Name="ZOrder">-2</P>
  </Annotation>
  <Annotation SID="2628">
    <P Name="Name">checks if angular dynamics and altitude allow for
reasonable use of optical flow measurement,
also checks against current estimate</P>
    <P Name="Position">[1400, 248, 1617, 286]</P>
    <P Name="InternalMargins">[0, 0, 0, 0]</P>
    <P Name="HorizontalAlignment">left</P>
    <P Name="VerticalAlignment">top</P>
    <P Name="ZOrder">-3</P>
  </Annotation>
  <Annotation SID="2627">
    <P Name="Name">checks new measurement vs current estimate</P>
    <P Name="Position">[849, 603, 1054, 617]</P>
    <P Name="InternalMargins">[0, 0, 0, 0]</P>
    <P Name="HorizontalAlignment">left</P>
    <P Name="VerticalAlignment">top</P>
    <P Name="ZOrder">-4</P>
  </Annotation>
  <Annotation SID="2626">
    <P Name="Name">requires minimum altitude</P>
    <P Name="Position">[549, 701, 665, 715]</P>
    <P Name="InternalMargins">[0, 0, 0, 0]</P>
    <P Name="HorizontalAlignment">left</P>
    <P Name="VerticalAlignment">top</P>
    <P Name="ZOrder">-5</P>
  </Annotation>
</System>
