<?xml version="1.0" encoding="utf-8"?>
<System>
  <P Name="Location">[-7, -7, 1543, 841]</P>
  <P Name="SystemRect">[0.000000, 0.000000, 0.000000, 0.000000]</P>
  <P Name="SetExecutionDomain">off</P>
  <P Name="ExecutionDomainType">Deduce</P>
  <P Name="ZoomFactor">150</P>
  <P Name="ReportName">simulink-default.rpt</P>
  <P Name="SIDHighWatermark">2727</P>
  <P Name="SimulinkSubDomain">Simulink</P>
  <Block BlockType="Inport" Name="AC cmd" SID="1">
    <P Name="Position">[-170, 93, -140, 107]</P>
    <P Name="ZOrder">7</P>
    <Array PropName="Mappings" Type="Simulink.CoderDictionary.InportsMapping" Dimension="1*2">
      <Object Reference="true" ObjectID="/simulink/blockdiagram.xml:80"/>
      <Object Reference="true" ObjectID="/simulink/blockdiagram.xml:7"/>
    </Array>
    <P Name="OutDataTypeStr">Bus: CommandBus</P>
    <P Name="BusOutputAsStruct">on</P>
    <Port>
      <P Name="PortNumber">1</P>
      <P Name="Name">cmd</P>
    </Port>
  </Block>
  <Block BlockType="Inport" Name="Sensors" SID="2">
    <P Name="Position">[-170, 158, -140, 172]</P>
    <P Name="ZOrder">8</P>
    <Array PropName="Mappings" Type="Simulink.CoderDictionary.InportsMapping" Dimension="1*2">
      <Object Reference="true" ObjectID="/simulink/blockdiagram.xml:83"/>
      <Object Reference="true" ObjectID="/simulink/blockdiagram.xml:10"/>
    </Array>
    <P Name="Port">2</P>
    <P Name="OutDataTypeStr">Bus: SensorsBus</P>
    <P Name="BusOutputAsStruct">on</P>
    <Port>
      <P Name="PortNumber">1</P>
      <P Name="Name">sensors</P>
    </Port>
  </Block>
  <Block BlockType="Inport" Name="Image Data" SID="351">
    <P Name="Tag">IP_IN</P>
    <P Name="Position">[-170, 223, -140, 237]</P>
    <P Name="ZOrder">1363</P>
    <P Name="InitFcn">codertarget.parrot.internal.inportCallback(gcb);</P>
    <Array PropName="Mappings" Type="Simulink.CoderDictionary.InportsMapping" Dimension="1*2">
      <Object Reference="true" ObjectID="/simulink/blockdiagram.xml:86"/>
      <Object Reference="true" ObjectID="/simulink/blockdiagram.xml:13"/>
    </Array>
    <P Name="Port">3</P>
    <P Name="OutDataTypeStr">uint8</P>
    <P Name="BusOutputAsStruct">on</P>
    <P Name="PortDimensions">[4 9600]</P>
    <Port>
      <P Name="PortNumber">1</P>
      <P Name="Name">Y1UY2V</P>
    </Port>
  </Block>
  <Block BlockType="SubSystem" Name="Control System" SID="85">
    <P Name="Ports">[3, 2]</P>
    <P Name="Position">[175, 69, 370, 261]</P>
    <P Name="ZOrder">1299</P>
    <P Name="BackgroundColor">[1.000000, 0.694118, 0.392157]</P>
    <P Name="DropShadow">on</P>
    <P Name="InitFcn">codertarget.parrot.internal.fcsSubsystemCallback(gcb);</P>
    <P Name="TreatAsAtomicUnit">on</P>
    <P Name="SystemSampleTime">Ts</P>
    <P Name="RTWSystemCode">Reusable function</P>
    <P Name="RequestExecContextInheritance">off</P>
    <Port>
      <P Name="PortNumber">1</P>
      <P Name="Name">motors</P>
    </Port>
    <Port>
      <P Name="PortNumber">2</P>
      <P Name="Name">flag</P>
    </Port>
    <System Ref="system_85"/>
  </Block>
  <Block BlockType="SubSystem" Name="Image Processing System" SID="352">
    <P Name="Tag">IP_SUB</P>
    <P Name="Ports">[1, 1]</P>
    <P Name="Position">[-65, 196, 85, 264]</P>
    <P Name="ZOrder">1362</P>
    <P Name="BackgroundColor">[0.533333, 0.819608, 0.427451]</P>
    <P Name="DropShadow">on</P>
    <P Name="InitFcn">codertarget.parrot.internal.ipSubsystemCallback(gcb);</P>
    <P Name="TreatAsAtomicUnit">on</P>
    <P Name="SystemSampleTime">40*Ts</P>
    <P Name="RTWSystemCode">Inline</P>
    <P Name="RTWFcnNameOpts">User specified</P>
    <P Name="RTWFcnName">ImageFunction</P>
    <P Name="RequestExecContextInheritance">off</P>
    <P Name="TreatAsGroupedWhenPropagatingVariantConditions">off</P>
    <System Ref="system_352"/>
  </Block>
  <Block BlockType="RateTransition" Name="Rate Transition" SID="405">
    <P Name="Position">[115, 214, 145, 246]</P>
    <P Name="ZOrder">1365</P>
    <P Name="Deterministic">off</P>
  </Block>
  <Block BlockType="Outport" Name="Actuators" SID="19">
    <P Name="Position">[395, 113, 425, 127]</P>
    <P Name="ZOrder">6</P>
    <Array PropName="Mappings" Type="Simulink.CoderDictionary.OutportsMapping" Dimension="1*2">
      <Object Reference="true" ObjectID="/simulink/blockdiagram.xml:89"/>
      <Object Reference="true" ObjectID="/simulink/blockdiagram.xml:16"/>
    </Array>
    <P Name="OutDataTypeStr">single</P>
    <P Name="PortDimensions">4</P>
    <P Name="VectorParamsAs1DForOutWhenUnconnected">off</P>
  </Block>
  <Block BlockType="Outport" Name="Flag" SID="276">
    <P Name="Position">[395, 208, 425, 222]</P>
    <P Name="ZOrder">1308</P>
    <Array PropName="Mappings" Type="Simulink.CoderDictionary.OutportsMapping" Dimension="1*2">
      <Object Reference="true" ObjectID="/simulink/blockdiagram.xml:91"/>
      <Object Reference="true" ObjectID="/simulink/blockdiagram.xml:18"/>
    </Array>
    <P Name="Port">2</P>
    <P Name="OutDataTypeStr">uint8</P>
    <P Name="PortDimensions">1</P>
    <P Name="VectorParamsAs1DForOutWhenUnconnected">off</P>
  </Block>
  <Line>
    <P Name="Name">cmd</P>
    <P Name="ZOrder">23</P>
    <P Name="Labels">[0, 0]</P>
    <P Name="Src">1#out:1</P>
    <P Name="Dst">85#in:1</P>
  </Line>
  <Line>
    <P Name="Name">motors</P>
    <P Name="ZOrder">18</P>
    <P Name="Labels">[0, 0]</P>
    <P Name="Src">85#out:1</P>
    <P Name="Dst">19#in:1</P>
  </Line>
  <Line>
    <P Name="Name">sensors</P>
    <P Name="ZOrder">40</P>
    <P Name="Labels">[0, 0]</P>
    <P Name="Src">2#out:1</P>
    <P Name="Dst">85#in:2</P>
  </Line>
  <Line>
    <P Name="Name">flag</P>
    <P Name="ZOrder">35</P>
    <P Name="Labels">[0, 0]</P>
    <P Name="Src">85#out:2</P>
    <P Name="Dst">276#in:1</P>
  </Line>
  <Line>
    <P Name="Name">Y1UY2V</P>
    <P Name="ZOrder">42</P>
    <P Name="Labels">[0, 0]</P>
    <P Name="Src">351#out:1</P>
    <P Name="Dst">352#in:1</P>
  </Line>
  <Line>
    <P Name="ZOrder">46</P>
    <P Name="Src">352#out:1</P>
    <P Name="Dst">405#in:1</P>
  </Line>
  <Line>
    <P Name="ZOrder">47</P>
    <P Name="Src">405#out:1</P>
    <P Name="Dst">85#in:3</P>
  </Line>
  <Annotation SID="29">
    <P Name="Name">Flight Control System</P>
    <P Name="Position">[63, 34, 196, 52]</P>
    <P Name="InternalMargins">[1, 1, 1, 1]</P>
    <P Name="HorizontalAlignment">left</P>
    <P Name="VerticalAlignment">top</P>
    <P Name="ZOrder">-1</P>
    <P Name="FontName">FreeSans</P>
    <P Name="FontSize">12</P>
    <P Name="FontWeight">bold</P>
  </Annotation>
</System>
