<?xml version="1.0" encoding="utf-8"?>
<System>
  <P Name="Location">[-7, -7, 1543, 841]</P>
  <P Name="SystemRect">[0.000000, 0.000000, 0.000000, 0.000000]</P>
  <P Name="Open">on</P>
  <P Name="SetExecutionDomain">off</P>
  <P Name="ExecutionDomainType">Deduce</P>
  <P Name="ZoomFactor">80</P>
  <P Name="SimulinkSubDomain">Simulink</P>
  <Block BlockType="Inport" Name="ReferenceValueServerCmds" SID="86">
    <P Name="Position">[-840, 163, -810, 177]</P>
    <P Name="ZOrder">222</P>
    <P Name="OutDataTypeStr">Bus: CommandBus</P>
  </Block>
  <Block BlockType="Inport" Name="Sensors" SID="277">
    <P Name="Position">[-840, 473, -810, 487]</P>
    <P Name="ZOrder">5457</P>
    <P Name="Port">2</P>
    <P Name="OutDataTypeStr">Bus: SensorsBus</P>
    <P Name="BusOutputAsStruct">on</P>
  </Block>
  <Block BlockType="Inport" Name="Vision-based Data" SID="403">
    <P Name="Position">[-295, 233, -265, 247]</P>
    <P Name="ZOrder">5464</P>
    <P Name="Port">3</P>
  </Block>
  <Block BlockType="BusSelector" Name="Bus&#xA;Selector" SID="2725">
    <P Name="Ports">[1, 6]</P>
    <P Name="Position">[255, 364, 280, 666]</P>
    <P Name="ZOrder">5656</P>
    <P Name="OutputSignals">X,Y,Z,yaw,pitch,roll</P>
    <Port>
      <P Name="PortNumber">1</P>
      <P Name="Name">&lt;X&gt;</P>
    </Port>
    <Port>
      <P Name="PortNumber">2</P>
      <P Name="Name">&lt;Y&gt;</P>
    </Port>
    <Port>
      <P Name="PortNumber">3</P>
      <P Name="Name">&lt;Z&gt;</P>
    </Port>
    <Port>
      <P Name="PortNumber">4</P>
      <P Name="Name">&lt;yaw&gt;</P>
    </Port>
    <Port>
      <P Name="PortNumber">5</P>
      <P Name="Name">&lt;pitch&gt;</P>
    </Port>
    <Port>
      <P Name="PortNumber">6</P>
      <P Name="Name">&lt;roll&gt;</P>
    </Port>
  </Block>
  <Block BlockType="BusSelector" Name="Bus&#xA;Selector1" SID="92">
    <P Name="Ports">[1, 1]</P>
    <P Name="Position">[-615, 506, -610, 584]</P>
    <P Name="ZOrder">1245</P>
    <P Name="ShowName">off</P>
    <P Name="OutputSignals">opticalFlow_data</P>
    <Port>
      <P Name="PortNumber">1</P>
      <P Name="Name">&lt;opticalFlow_data&gt;</P>
    </Port>
  </Block>
  <Block BlockType="BusSelector" Name="Bus&#xA;Selector4" SID="280">
    <P Name="Ports">[1, 2]</P>
    <P Name="Position">[-730, 531, -725, 584]</P>
    <P Name="ZOrder">5460</P>
    <P Name="ShowName">off</P>
    <P Name="OutputSignals">VisionSensors,SensorCalibration</P>
    <Port>
      <P Name="PortNumber">1</P>
      <P Name="Name">&lt;VisionSensors&gt;</P>
    </Port>
    <Port>
      <P Name="PortNumber">2</P>
      <P Name="Name">&lt;SensorCalibration&gt;</P>
    </Port>
  </Block>
  <Block BlockType="BusAssignment" Name="Control Mode Update" SID="623">
    <P Name="Ports">[2, 1]</P>
    <P Name="Position">[-575, 161, -530, 199]</P>
    <P Name="ZOrder">5634</P>
    <P Name="AssignedSignals">controlModePosVSOrient</P>
  </Block>
  <Block BlockType="SubSystem" Name="Controller" SID="2226">
    <P Name="Ports">[2, 1]</P>
    <P Name="Position">[180, 189, 370, 271]</P>
    <P Name="ZOrder">5654</P>
    <P Name="RequestExecContextInheritance">off</P>
    <System Ref="system_2226"/>
  </Block>
  <Block BlockType="SubSystem" Name="Crash Predictor Flags" SID="2149">
    <P Name="Ports">[3, 1]</P>
    <P Name="Position">[-150, 536, -50, 624]</P>
    <P Name="ZOrder">5653</P>
    <P Name="RequestExecContextInheritance">off</P>
    <System Ref="system_2149"/>
  </Block>
  <Block BlockType="SubSystem" Name="MATLAB Function" SID="2727">
    <P Name="Ports">[3, 1]</P>
    <P Name="Position">[580, 381, 650, 429]</P>
    <P Name="ZOrder">5658</P>
    <P Name="ErrorFcn">Stateflow.Translate.translate</P>
    <P Name="PermitHierarchicalResolution">ExplicitOnly</P>
    <P Name="TreatAsAtomicUnit">on</P>
    <P Name="RequestExecContextInheritance">off</P>
    <P Name="SFBlockType">MATLAB Function</P>
    <P Name="ContentPreviewEnabled">on</P>
    <System Ref="system_2727"/>
  </Block>
  <Block BlockType="SubSystem" Name="Path Planning" SID="409">
    <P Name="Ports">[3, 1]</P>
    <P Name="Position">[-175, 171, 40, 269]</P>
    <P Name="ZOrder">5628</P>
    <P Name="BackgroundColor">[1.000000, 0.694118, 0.392157]</P>
    <P Name="DropShadow">on</P>
    <P Name="HideAutomaticName">off</P>
    <P Name="RequestExecContextInheritance">off</P>
    <System Ref="system_409"/>
  </Block>
  <Block BlockType="Scope" Name="Scope" SID="2726">
    <P Name="Ports">[6]</P>
    <P Name="Position">[465, 514, 520, 611]</P>
    <P Name="ZOrder">5657</P>
    <P Name="ScopeSpecificationString">Simulink.scopes.TimeScopeBlockCfg(&apos;CurrentConfiguration&apos;, extmgr.ConfigurationSet(extmgr.Configuration(&apos;Core&apos;,&apos;General UI&apos;,true),extmgr.Configuration(&apos;Core&apos;,&apos;Source UI&apos;,true),extmgr.Configuration(&apos;Sources&apos;,&apos;WiredSimulink&apos;,true),extmgr.Configuration(&apos;Visuals&apos;,&apos;Time Domain&apos;,true,&apos;SerializedDisplays&apos;,{struct(&apos;MinYLimReal&apos;,&apos;-2.82076&apos;,&apos;MaxYLimReal&apos;,&apos;3.82438&apos;,&apos;YLabelReal&apos;,&apos;&apos;,&apos;MinYLimMag&apos;,&apos;0.00000&apos;,&apos;MaxYLimMag&apos;,&apos;3.82438&apos;,&apos;LegendVisibility&apos;,&apos;On&apos;,&apos;XGrid&apos;,true,&apos;YGrid&apos;,true,&apos;PlotMagPhase&apos;,false,&apos;AxesColor&apos;,[0 0 0],&apos;AxesTickColor&apos;,[0.686274509803922 0.686274509803922 0.686274509803922],&apos;ColorOrder&apos;,[1 1 0.0666666666666667;0.0745098039215686 0.623529411764706 1;1 0.411764705882353 0.16078431372549;0.392156862745098 0.831372549019608 0.0745098039215686;0.717647058823529 0.274509803921569 1;0.0588235294117647 1 1;1 0.0745098039215686 0.650980392156863],&apos;Title&apos;,&apos;%&lt;SignalLabel&gt;&apos;,&apos;LinePropertiesCache&apos;,{{}},&apos;UserDefinedChannelNames&apos;,{{}},&apos;NumLines&apos;,1,&apos;LineNames&apos;,{{&apos;&lt;yaw&gt;&apos;}},&apos;ShowContent&apos;,true,&apos;Placement&apos;,1),struct(&apos;MinYLimReal&apos;,&apos;-2.82076&apos;,&apos;MaxYLimReal&apos;,&apos;3.82438&apos;,&apos;YLabelReal&apos;,&apos;&apos;,&apos;MinYLimMag&apos;,&apos;0.00000&apos;,&apos;MaxYLimMag&apos;,&apos;3.82438&apos;,&apos;LegendVisibility&apos;,&apos;On&apos;,&apos;XGrid&apos;,true,&apos;YGrid&apos;,true,&apos;PlotMagPhase&apos;,false,&apos;AxesColor&apos;,[0 0 0],&apos;AxesTickColor&apos;,[0.686274509803922 0.686274509803922 0.686274509803922],&apos;ColorOrder&apos;,[1 1 0.0666666666666667;0.0745098039215686 0.623529411764706 1;1 0.411764705882353 0.16078431372549;0.392156862745098 0.831372549019608 0.0745098039215686;0.717647058823529 0.274509803921569 1;0.0588235294117647 1 1;1 0.0745098039215686 0.650980392156863],&apos;Title&apos;,&apos;%&lt;SignalLabel&gt;&apos;,&apos;LinePropertiesCache&apos;,{{}},&apos;UserDefinedChannelNames&apos;,{{}},&apos;NumLines&apos;,1,&apos;LineNames&apos;,{{&apos;&lt;pitch&gt;&apos;}},&apos;ShowContent&apos;,true,&apos;Placement&apos;,2),struct(&apos;MinYLimReal&apos;,&apos;-2.82076&apos;,&apos;MaxYLimReal&apos;,&apos;3.82438&apos;,&apos;YLabelReal&apos;,&apos;&apos;,&apos;MinYLimMag&apos;,&apos;0.00000&apos;,&apos;MaxYLimMag&apos;,&apos;3.82438&apos;,&apos;LegendVisibility&apos;,&apos;On&apos;,&apos;XGrid&apos;,true,&apos;YGrid&apos;,true,&apos;PlotMagPhase&apos;,false,&apos;AxesColor&apos;,[0 0 0],&apos;AxesTickColor&apos;,[0.686274509803922 0.686274509803922 0.686274509803922],&apos;ColorOrder&apos;,[1 1 0.0666666666666667;0.0745098039215686 0.623529411764706 1;1 0.411764705882353 0.16078431372549;0.392156862745098 0.831372549019608 0.0745098039215686;0.717647058823529 0.274509803921569 1;0.0588235294117647 1 1;1 0.0745098039215686 0.650980392156863],&apos;Title&apos;,&apos;%&lt;SignalLabel&gt;&apos;,&apos;LinePropertiesCache&apos;,{{}},&apos;UserDefinedChannelNames&apos;,{{}},&apos;NumLines&apos;,1,&apos;LineNames&apos;,{{&apos;&lt;roll&gt;&apos;}},&apos;ShowContent&apos;,true,&apos;Placement&apos;,3),struct(&apos;MinYLimReal&apos;,&apos;-2.82076&apos;,&apos;MaxYLimReal&apos;,&apos;4.82438&apos;,&apos;YLabelReal&apos;,&apos;&apos;,&apos;MinYLimMag&apos;,&apos;0.00000&apos;,&apos;MaxYLimMag&apos;,&apos;3.82438&apos;,&apos;LegendVisibility&apos;,&apos;On&apos;,&apos;XGrid&apos;,true,&apos;YGrid&apos;,true,&apos;PlotMagPhase&apos;,false,&apos;AxesColor&apos;,[0 0 0],&apos;AxesTickColor&apos;,[0.686274509803922 0.686274509803922 0.686274509803922],&apos;ColorOrder&apos;,[1 1 0.0666666666666667;0.0745098039215686 0.623529411764706 1;1 0.411764705882353 0.16078431372549;0.392156862745098 0.831372549019608 0.0745098039215686;0.717647058823529 0.274509803921569 1;0.0588235294117647 1 1;1 0.0745098039215686 0.650980392156863],&apos;Title&apos;,&apos;%&lt;SignalLabel&gt;&apos;,&apos;LinePropertiesCache&apos;,{{}},&apos;UserDefinedChannelNames&apos;,{{}},&apos;NumLines&apos;,3,&apos;LineNames&apos;,{{&apos;&lt;X&gt;&apos;,&apos;&lt;Y&gt;&apos;,&apos;&lt;Y&gt;&apos;}},&apos;ShowContent&apos;,true,&apos;Placement&apos;,4)},&apos;DisplayPropertyDefaults&apos;,struct(&apos;YLabelReal&apos;,&apos;&apos;,&apos;AxesColor&apos;,[0 0 0],&apos;AxesTickColor&apos;,[0.686274509803922 0.686274509803922 0.686274509803922],&apos;ColorOrder&apos;,[0.0745098039215686 0.623529411764706 1;1 0.411764705882353 0.16078431372549;1 1 0.0666666666666667;0.717647058823529 0.274509803921569 1;0.392156862745098 0.831372549019608 0.0745098039215686;0.0588235294117647 1 1;1 0.0745098039215686 0.650980392156863]),&apos;DisplayLayoutDimensions&apos;,[4 1]),extmgr.Configuration(&apos;Tools&apos;,&apos;Plot Navigation&apos;,true,&apos;OnceAtStop&apos;,false),extmgr.Configuration(&apos;Tools&apos;,&apos;Measurements&apos;,true,&apos;Version&apos;,&apos;2021a&apos;)),&apos;Version&apos;,&apos;2021a&apos;,&apos;Position&apos;,[1 31.4 1536 758.4],&apos;VisibleAtModelOpen&apos;,&apos;on&apos;)</P>
    <P Name="NumInputPorts">6</P>
    <P Name="Floating">off</P>
  </Block>
  <Block BlockType="SubSystem" Name="State Estimator" SID="2335">
    <P Name="Ports">[4, 2]</P>
    <P Name="Position">[-525, 378, -355, 647]</P>
    <P Name="ZOrder">5655</P>
    <P Name="RequestExecContextInheritance">off</P>
    <System Ref="system_2335"/>
  </Block>
  <Block BlockType="ToWorkspace" Name="To Workspace" SID="1619">
    <P Name="Ports">[1]</P>
    <P Name="Position">[-130, 430, -70, 460]</P>
    <P Name="ZOrder">5648</P>
    <P Name="VariableName">estimatedStates</P>
    <P Name="MaxDataPoints">inf</P>
    <P Name="SaveFormat">Structure With Time</P>
    <P Name="FixptAsFi">on</P>
    <P Name="SampleTime">-1</P>
  </Block>
  <Block BlockType="Constant" Name="controlModePosVsOrient" SID="621">
    <P Name="Position">[-755, 280, -725, 310]</P>
    <P Name="ZOrder">5632</P>
    <P Name="OutDataTypeStr">boolean</P>
  </Block>
  <Block BlockType="Outport" Name="motorCmds" SID="137">
    <P Name="Position">[400, 223, 430, 237]</P>
    <P Name="ZOrder">188</P>
    <P Name="VectorParamsAs1DForOutWhenUnconnected">off</P>
  </Block>
  <Block BlockType="Outport" Name="Flag" SID="273">
    <P Name="Position">[10, 573, 40, 587]</P>
    <P Name="ZOrder">5455</P>
    <P Name="Port">2</P>
    <P Name="VectorParamsAs1DForOutWhenUnconnected">off</P>
  </Block>
  <Line>
    <P Name="ZOrder">6</P>
    <P Name="Src">86#out:1</P>
    <P Name="Dst">623#in:1</P>
  </Line>
  <Line>
    <P Name="Name">&lt;opticalFlow_data&gt;</P>
    <P Name="ZOrder">705</P>
    <P Name="Labels">[0, 0]</P>
    <P Name="Src">92#out:1</P>
    <P Name="Dst">2335#in:3</P>
  </Line>
  <Line>
    <P Name="Name">&lt;SensorCalibration&gt;</P>
    <P Name="ZOrder">706</P>
    <P Name="Labels">[0, 0]</P>
    <P Name="Src">280#out:2</P>
    <P Name="Points">[92, 0; 0, 40]</P>
    <P Name="Dst">2335#in:4</P>
  </Line>
  <Line>
    <P Name="ZOrder">700</P>
    <P Name="Src">409#out:1</P>
    <P Name="Points">[65, 0; 0, -10]</P>
    <P Name="Dst">2226#in:1</P>
  </Line>
  <Line>
    <P Name="Name">&lt;VisionSensors&gt;</P>
    <P Name="ZOrder">106</P>
    <P Name="Labels">[-1, 0]</P>
    <P Name="Src">280#out:1</P>
    <P Name="Dst">92#in:1</P>
  </Line>
  <Line>
    <P Name="ZOrder">135</P>
    <P Name="Src">403#out:1</P>
    <P Name="Points">[47, 0; 0, 10]</P>
    <P Name="Dst">409#in:3</P>
  </Line>
  <Line>
    <P Name="ZOrder">679</P>
    <P Name="Src">2149#out:1</P>
    <P Name="Dst">273#in:1</P>
  </Line>
  <Line>
    <P Name="ZOrder">303</P>
    <P Name="Src">623#out:1</P>
    <P Name="Points">[318, 0; 0, 10]</P>
    <P Name="Dst">409#in:1</P>
  </Line>
  <Line>
    <P Name="ZOrder">302</P>
    <P Name="Src">621#out:1</P>
    <P Name="Points">[111, 0]</P>
    <Branch>
      <P Name="ZOrder">703</P>
      <P Name="Points">[0, 120]</P>
      <P Name="Dst">2335#in:1</P>
    </Branch>
    <Branch>
      <P Name="ZOrder">313</P>
      <P Name="Points">[0, -105]</P>
      <P Name="Dst">623#in:2</P>
    </Branch>
  </Line>
  <Line>
    <P Name="ZOrder">698</P>
    <P Name="Src">2226#out:1</P>
    <P Name="Dst">137#in:1</P>
  </Line>
  <Line>
    <P Name="ZOrder">98</P>
    <P Name="Src">277#out:1</P>
    <P Name="Points">[35, 0]</P>
    <Branch>
      <P Name="ZOrder">704</P>
      <P Name="Dst">2335#in:2</P>
    </Branch>
    <Branch>
      <P Name="ZOrder">577</P>
      <P Name="Points">[0, 80]</P>
      <Branch>
        <P Name="ZOrder">680</P>
        <P Name="Points">[0, 123; 481, 0; 0, -73]</P>
        <P Name="Dst">2149#in:3</P>
      </Branch>
      <Branch>
        <P Name="ZOrder">584</P>
        <P Name="Dst">280#in:1</P>
      </Branch>
    </Branch>
  </Line>
  <Line>
    <P Name="ZOrder">701</P>
    <P Name="Src">2335#out:1</P>
    <P Name="Points">[23, 0]</P>
    <Branch>
      <P Name="ZOrder">730</P>
      <P Name="Points">[0, -110]</P>
      <Branch>
        <P Name="ZOrder">699</P>
        <P Name="Points">[390, 0]</P>
        <Branch>
          <P Name="ZOrder">737</P>
          <P Name="Points">[0, 180]</P>
          <P Name="Dst">2725#in:1</P>
        </Branch>
        <Branch>
          <P Name="ZOrder">736</P>
          <P Name="Points">[89, 0; 0, -85]</P>
          <P Name="Dst">2226#in:2</P>
        </Branch>
      </Branch>
      <Branch>
        <P Name="ZOrder">593</P>
        <P Name="Points">[0, -115]</P>
        <P Name="Dst">409#in:2</P>
      </Branch>
    </Branch>
    <Branch>
      <P Name="ZOrder">671</P>
      <P Name="Dst">1619#in:1</P>
    </Branch>
    <Branch>
      <P Name="ZOrder">650</P>
      <P Name="Points">[0, 105]</P>
      <P Name="Dst">2149#in:1</P>
    </Branch>
  </Line>
  <Line>
    <P Name="ZOrder">702</P>
    <P Name="Src">2335#out:2</P>
    <P Name="Dst">2149#in:2</P>
  </Line>
  <Line>
    <P Name="Name">&lt;Y&gt;</P>
    <P Name="ZOrder">740</P>
    <P Name="Labels">[0, 0]</P>
    <P Name="Src">2725#out:2</P>
    <P Name="Points">[145, 0]</P>
    <Branch>
      <P Name="ZOrder">769</P>
      <P Name="Points">[0, 145]</P>
      <P Name="Dst">2726#in:5</P>
    </Branch>
    <Branch>
      <P Name="ZOrder">768</P>
      <P Name="Points">[84, 0; 0, -35]</P>
      <P Name="Dst">2727#in:2</P>
    </Branch>
  </Line>
  <Line>
    <P Name="Name">&lt;Z&gt;</P>
    <P Name="ZOrder">743</P>
    <P Name="Labels">[0, 0]</P>
    <P Name="Src">2725#out:3</P>
    <P Name="Points">[118, 0]</P>
    <Branch>
      <P Name="ZOrder">774</P>
      <P Name="Points">[0, 110]</P>
      <P Name="Dst">2726#in:6</P>
    </Branch>
    <Branch>
      <P Name="ZOrder">773</P>
      <P Name="Points">[162, 0]</P>
      <P Name="Dst">2727#in:3</P>
    </Branch>
  </Line>
  <Line>
    <P Name="Name">&lt;X&gt;</P>
    <P Name="ZOrder">749</P>
    <P Name="Labels">[0, 0]</P>
    <P Name="Src">2725#out:1</P>
    <P Name="Points">[159, 0]</P>
    <Branch>
      <P Name="ZOrder">765</P>
      <P Name="Points">[0, 180]</P>
      <P Name="Dst">2726#in:4</P>
    </Branch>
    <Branch>
      <P Name="ZOrder">764</P>
      <P Name="Dst">2727#in:1</P>
    </Branch>
  </Line>
  <Line>
    <P Name="Name">&lt;yaw&gt;</P>
    <P Name="ZOrder">761</P>
    <P Name="Labels">[0, 0]</P>
    <P Name="Src">2725#out:4</P>
    <P Name="Points">[57, 0; 0, -15]</P>
    <P Name="Dst">2726#in:1</P>
  </Line>
  <Line>
    <P Name="Name">&lt;pitch&gt;</P>
    <P Name="ZOrder">762</P>
    <P Name="Labels">[0, 0]</P>
    <P Name="Src">2725#out:5</P>
    <P Name="Points">[78, 0; 0, -50]</P>
    <P Name="Dst">2726#in:2</P>
  </Line>
  <Line>
    <P Name="Name">&lt;roll&gt;</P>
    <P Name="ZOrder">763</P>
    <P Name="Labels">[0, 0]</P>
    <P Name="Src">2725#out:6</P>
    <P Name="Points">[108, 0; 0, -85]</P>
    <P Name="Dst">2726#in:3</P>
  </Line>
  <Annotation SID="624">
    <P Name="Position">[-815, 243, -640, 347]</P>
    <P Name="InternalMargins">[0, 0, 0, 0]</P>
    <P Name="FixedHeight">on</P>
    <P Name="FixedWidth">on</P>
    <P Name="HorizontalAlignment">left</P>
    <P Name="VerticalAlignment">top</P>
    <P Name="ForegroundColor">[0.992157, 0.937255, 0.913725]</P>
    <P Name="BackgroundColor">[0.992157, 0.937255, 0.913725]</P>
    <P Name="DropShadow">on</P>
    <P Name="AnnotationType">area_annotation</P>
    <P Name="ZOrder">583</P>
    <P Name="FontName">Arial</P>
    <P Name="FontSize">12</P>
  </Annotation>
  <Annotation SID="595">
    <P Name="Position">[-213, 79, 114, 295]</P>
    <P Name="InternalMargins">[0, 0, 0, 0]</P>
    <P Name="FixedHeight">on</P>
    <P Name="FixedWidth">on</P>
    <P Name="HorizontalAlignment">left</P>
    <P Name="VerticalAlignment">top</P>
    <P Name="ForegroundColor">[0.992157, 0.937255, 0.913725]</P>
    <P Name="BackgroundColor">[0.992157, 0.937255, 0.913725]</P>
    <P Name="DropShadow">on</P>
    <P Name="AnnotationType">area_annotation</P>
    <P Name="ZOrder">582</P>
    <P Name="FontName">Arial</P>
    <P Name="FontSize">14</P>
    <P Name="FontWeight">bold</P>
  </Annotation>
  <Annotation SID="168">
    <P Name="Name">Derived from the work by Sertac 
Karaman and Fabian Riether</P>
    <P Name="Position">[-635, 79, -488, 105]</P>
    <P Name="InternalMargins">[0, 0, 0, 0]</P>
    <P Name="HorizontalAlignment">left</P>
    <P Name="VerticalAlignment">top</P>
    <P Name="ZOrder">-1</P>
  </Annotation>
</System>
