<?xml version="1.0" encoding="utf-8"?>
<System>
  <P Name="Location">[0, 0, 1920, 1200]</P>
  <P Name="SystemRect">[0.000000, 0.000000, 0.000000, 0.000000]</P>
  <P Name="SetExecutionDomain">off</P>
  <P Name="ExecutionDomainType">Deduce</P>
  <P Name="SimulinkSubDomain">Simulink</P>
  <Block BlockType="ActionPort" Name="Action Port" SID="2190">
    <P Name="Position">[170, 15, 229, 43]</P>
    <P Name="ZOrder">-2</P>
    <P Name="ActionPortLabel">if(u1 &gt; 0)</P>
  </Block>
  <Block BlockType="Constant" Name="Constant" SID="2191">
    <P Name="Position">[70, 70, 100, 100]</P>
    <P Name="ZOrder">1</P>
    <P Name="OutDataTypeStr">uint8</P>
  </Block>
  <Block BlockType="Outport" Name="Out1" SID="2192">
    <P Name="Position">[325, 78, 355, 92]</P>
    <P Name="ZOrder">-3</P>
    <P Name="VectorParamsAs1DForOutWhenUnconnected">off</P>
  </Block>
  <Line>
    <P Name="ZOrder">1</P>
    <P Name="Src">2191#out:1</P>
    <P Name="Dst">2192#in:1</P>
  </Line>
</System>
