<?xml version="1.0" encoding="utf-8"?>
<System>
  <P Name="Location">[-7, -7, 1543, 841]</P>
  <P Name="SystemRect">[0.000000, 0.000000, 0.000000, 0.000000]</P>
  <P Name="SetExecutionDomain">off</P>
  <P Name="ExecutionDomainType">Deduce</P>
  <P Name="SIDHighWatermark">127</P>
  <P Name="SimulinkSubDomain">Simulink</P>
  <Block BlockType="Inport" Name="xestim" SID="2689::117">
    <P Name="Position">[20, 101, 40, 119]</P>
    <P Name="ZOrder">96</P>
  </Block>
  <Block BlockType="Inport" Name="yestim" SID="2689::105">
    <P Name="Position">[20, 136, 40, 154]</P>
    <P Name="ZOrder">85</P>
    <P Name="Port">2</P>
  </Block>
  <Block BlockType="Inport" Name="ImageDetect" SID="2689::108">
    <P Name="Position">[20, 171, 40, 189]</P>
    <P Name="ZOrder">88</P>
    <P Name="Port">3</P>
  </Block>
  <Block BlockType="Demux" Name=" Demux " SID="2689::102">
    <P Name="Ports">[1, 1]</P>
    <P Name="Position">[270, 245, 320, 285]</P>
    <P Name="ZOrder">82</P>
    <P Name="Outputs">1</P>
  </Block>
  <Block BlockType="S-Function" Name=" SFunction " SID="2689::101">
    <P Name="Tag">Stateflow S-Function 3</P>
    <P Name="Ports">[3, 4]</P>
    <P Name="Position">[180, 107, 230, 208]</P>
    <P Name="ZOrder">81</P>
    <P Name="FunctionName">sf_sfun</P>
    <P Name="PortCounts">[3 4]</P>
    <P Name="SFunctionDeploymentMode">off</P>
    <P Name="EnableBusSupport">on</P>
    <P Name="SFcnIsStateOwnerBlock">off</P>
    <Port>
      <P Name="PortNumber">2</P>
      <P Name="Name">xout</P>
    </Port>
    <Port>
      <P Name="PortNumber">3</P>
      <P Name="Name">yout</P>
    </Port>
    <Port>
      <P Name="PortNumber">4</P>
      <P Name="Name">zout</P>
    </Port>
  </Block>
  <Block BlockType="Terminator" Name=" Terminator " SID="2689::127">
    <P Name="Position">[460, 256, 480, 274]</P>
    <P Name="ZOrder">104</P>
  </Block>
  <Block BlockType="Outport" Name="xout" SID="2689::109">
    <P Name="Position">[460, 101, 480, 119]</P>
    <P Name="ZOrder">89</P>
  </Block>
  <Block BlockType="Outport" Name="yout" SID="2689::111">
    <P Name="Position">[460, 136, 480, 154]</P>
    <P Name="ZOrder">91</P>
    <P Name="Port">2</P>
  </Block>
  <Block BlockType="Outport" Name="zout" SID="2689::110">
    <P Name="Position">[460, 171, 480, 189]</P>
    <P Name="ZOrder">90</P>
    <P Name="Port">3</P>
  </Block>
  <Line>
    <P Name="ZOrder">326</P>
    <P Name="Src">2689::117#out:1</P>
    <P Name="Dst">2689::101#in:1</P>
  </Line>
  <Line>
    <P Name="ZOrder">327</P>
    <P Name="Src">2689::105#out:1</P>
    <P Name="Dst">2689::101#in:2</P>
  </Line>
  <Line>
    <P Name="ZOrder">328</P>
    <P Name="Src">2689::108#out:1</P>
    <P Name="Dst">2689::101#in:3</P>
  </Line>
  <Line>
    <P Name="Name">xout</P>
    <P Name="ZOrder">329</P>
    <P Name="Labels">[0, 0]</P>
    <P Name="Src">2689::101#out:2</P>
    <P Name="Dst">2689::109#in:1</P>
  </Line>
  <Line>
    <P Name="Name">yout</P>
    <P Name="ZOrder">330</P>
    <P Name="Labels">[0, 0]</P>
    <P Name="Src">2689::101#out:3</P>
    <P Name="Dst">2689::111#in:1</P>
  </Line>
  <Line>
    <P Name="Name">zout</P>
    <P Name="ZOrder">331</P>
    <P Name="Labels">[0, 0]</P>
    <P Name="Src">2689::101#out:4</P>
    <P Name="Dst">2689::110#in:1</P>
  </Line>
  <Line>
    <P Name="ZOrder">332</P>
    <P Name="Src">2689::102#out:1</P>
    <P Name="Dst">2689::127#in:1</P>
  </Line>
  <Line>
    <P Name="ZOrder">333</P>
    <P Name="Src">2689::101#out:1</P>
    <P Name="Dst">2689::102#in:1</P>
  </Line>
</System>
