<?xml version="1.0" encoding="utf-8"?>
<System>
  <P Name="Location">[2, 9, 1040, 744]</P>
  <P Name="SystemRect">[0.000000, 0.000000, 0.000000, 0.000000]</P>
  <P Name="SetExecutionDomain">off</P>
  <P Name="ExecutionDomainType">Deduce</P>
  <P Name="ZoomFactor">150</P>
  <P Name="SimulinkSubDomain">Simulink</P>
  <Block BlockType="Inport" Name="yaw_ref" SID="2312">
    <P Name="Position">[15, 103, 45, 117]</P>
    <P Name="ZOrder">1290</P>
    <P Name="ForegroundColor">red</P>
  </Block>
  <Block BlockType="Inport" Name="states_estim" SID="2313">
    <P Name="Position">[15, 283, 45, 297]</P>
    <P Name="ZOrder">1287</P>
    <P Name="ForegroundColor">red</P>
    <P Name="Port">2</P>
  </Block>
  <Block BlockType="BusSelector" Name="Bus&#xA;Selector1" SID="2314">
    <P Name="Ports">[1, 1]</P>
    <P Name="Position">[254, 215, 286, 225]</P>
    <P Name="ZOrder">1297</P>
    <P Name="BlockRotation">270</P>
    <P Name="ForegroundColor">red</P>
    <P Name="NameLocation">right</P>
    <P Name="ShowName">off</P>
    <P Name="OutputSignals">r</P>
    <Port>
      <P Name="PortNumber">1</P>
      <P Name="Name">&lt;r&gt;</P>
    </Port>
  </Block>
  <Block BlockType="BusSelector" Name="Bus&#xA;Selector5" SID="2315">
    <P Name="Ports">[1, 1]</P>
    <P Name="Position">[179, 215, 211, 225]</P>
    <P Name="ZOrder">1262</P>
    <P Name="BlockRotation">270</P>
    <P Name="ForegroundColor">red</P>
    <P Name="NameLocation">right</P>
    <P Name="ShowName">off</P>
    <P Name="OutputSignals">yaw</P>
    <Port>
      <P Name="PortNumber">1</P>
      <P Name="Name">&lt;yaw&gt;</P>
    </Port>
  </Block>
  <Block BlockType="Gain" Name="D_yaw" SID="2316">
    <P Name="Position">[305, 154, 370, 196]</P>
    <P Name="ZOrder">1258</P>
    <P Name="ForegroundColor">red</P>
    <P Name="Gain">0.3*0.004</P>
  </Block>
  <Block BlockType="DiscreteIntegrator" Name="Discrete-Time&#xA;Integrator" SID="2317">
    <P Name="Ports">[1, 1]</P>
    <P Name="Position">[400, 94, 420, 126]</P>
    <P Name="ZOrder">1293</P>
    <P Name="ForegroundColor">red</P>
    <P Name="gainval">1</P>
    <P Name="InitialConditionSetting">Auto</P>
    <P Name="SampleTime">-1</P>
    <P Name="ICPrevOutput">DiscIntNeverNeededParam</P>
    <P Name="ICPrevScaledInput">DiscIntNeverNeededParam</P>
  </Block>
  <Block BlockType="Gain" Name="I_yaw" SID="2318">
    <P Name="Position">[305, 95, 350, 125]</P>
    <P Name="ZOrder">1294</P>
    <P Name="ForegroundColor">red</P>
    <P Name="Gain">0.002</P>
    <P Name="ParamDataTypeStr">single</P>
    <P Name="OutDataTypeStr">single</P>
  </Block>
  <Block BlockType="Gain" Name="P_yaw" SID="2319">
    <P Name="Position">[305, 40, 350, 70]</P>
    <P Name="ZOrder">1285</P>
    <P Name="ForegroundColor">red</P>
    <P Name="Gain">0.004</P>
    <P Name="ParamDataTypeStr">single</P>
    <P Name="OutDataTypeStr">single</P>
  </Block>
  <Block BlockType="Saturate" Name="Saturation" SID="2679">
    <P Name="Position">[225, 95, 255, 125]</P>
    <P Name="ZOrder">1298</P>
    <P Name="UpperLimit">pi/180*30</P>
    <P Name="LowerLimit">-pi/180*30</P>
  </Block>
  <Block BlockType="Sum" Name="Sum1" SID="2320">
    <P Name="Ports">[2, 1]</P>
    <P Name="Position">[185, 100, 205, 120]</P>
    <P Name="ZOrder">1254</P>
    <P Name="ForegroundColor">red</P>
    <P Name="ShowName">off</P>
    <P Name="Inputs">|+-</P>
    <P Name="AccumDataTypeStr">single</P>
    <P Name="OutDataTypeStr">single</P>
    <P Name="SaturateOnIntegerOverflow">on</P>
  </Block>
  <Block BlockType="Sum" Name="Sum2" SID="2321">
    <P Name="Ports">[3, 1]</P>
    <P Name="Position">[440, 100, 460, 120]</P>
    <P Name="ZOrder">1248</P>
    <P Name="ForegroundColor">red</P>
    <P Name="ShowName">off</P>
    <P Name="Inputs">++-</P>
  </Block>
  <Block BlockType="Outport" Name="tau_yaw" SID="2322">
    <P Name="Position">[530, 103, 560, 117]</P>
    <P Name="ZOrder">1289</P>
    <P Name="ForegroundColor">red</P>
    <P Name="VectorParamsAs1DForOutWhenUnconnected">off</P>
  </Block>
  <Line>
    <P Name="ZOrder">1</P>
    <P Name="Src">2316#out:1</P>
    <P Name="Points">[75, 0]</P>
    <P Name="Dst">2321#in:3</P>
  </Line>
  <Line>
    <P Name="ZOrder">2</P>
    <P Name="Src">2319#out:1</P>
    <P Name="Points">[95, 0]</P>
    <P Name="Dst">2321#in:1</P>
  </Line>
  <Line>
    <P Name="Name">&lt;r&gt;</P>
    <P Name="ZOrder">3</P>
    <P Name="Labels">[0, 0]</P>
    <P Name="Src">2314#out:1</P>
    <P Name="Points">[0, -35]</P>
    <P Name="Dst">2316#in:1</P>
  </Line>
  <Line>
    <P Name="ZOrder">4</P>
    <P Name="Src">2320#out:1</P>
    <P Name="Dst">2679#in:1</P>
  </Line>
  <Line>
    <P Name="ZOrder">7</P>
    <P Name="Src">2313#out:1</P>
    <P Name="Points">[145, 0]</P>
    <Branch>
      <P Name="ZOrder">18</P>
      <P Name="Points">[75, 0]</P>
      <P Name="Dst">2314#in:1</P>
    </Branch>
    <Branch>
      <P Name="ZOrder">16</P>
      <P Name="Dst">2315#in:1</P>
    </Branch>
  </Line>
  <Line>
    <P Name="Name">&lt;yaw&gt;</P>
    <P Name="ZOrder">10</P>
    <P Name="Labels">[0, 0]</P>
    <P Name="Src">2315#out:1</P>
    <P Name="Dst">2320#in:2</P>
  </Line>
  <Line>
    <P Name="ZOrder">11</P>
    <P Name="Src">2312#out:1</P>
    <P Name="Dst">2320#in:1</P>
  </Line>
  <Line>
    <P Name="ZOrder">12</P>
    <P Name="Src">2321#out:1</P>
    <P Name="Dst">2322#in:1</P>
  </Line>
  <Line>
    <P Name="ZOrder">13</P>
    <P Name="Src">2317#out:1</P>
    <P Name="Dst">2321#in:2</P>
  </Line>
  <Line>
    <P Name="ZOrder">14</P>
    <P Name="Src">2318#out:1</P>
    <P Name="Dst">2317#in:1</P>
  </Line>
  <Line>
    <P Name="ZOrder">15</P>
    <P Name="Src">2679#out:1</P>
    <P Name="Points">[12, 0]</P>
    <Branch>
      <P Name="ZOrder">5</P>
      <P Name="Points">[0, -55]</P>
      <P Name="Dst">2319#in:1</P>
    </Branch>
    <Branch>
      <P Name="ZOrder">6</P>
      <P Name="Dst">2318#in:1</P>
    </Branch>
  </Line>
  <Annotation SID="2324">
    <P Name="Name">Yaw angle is not constrained between -180 to 180 degrees</P>
    <P Name="Position">[-13, 22, 248, 36]</P>
    <P Name="InternalMargins">[0, 0, 0, 0]</P>
    <P Name="HorizontalAlignment">left</P>
    <P Name="VerticalAlignment">top</P>
    <P Name="ZOrder">-1</P>
  </Annotation>
  <Annotation SID="2323">
    <P Name="Name">Yaw estimation is done solely using the gyroscope and it may drift with time.</P>
    <P Name="Position">[-13, 3, 324, 17]</P>
    <P Name="InternalMargins">[0, 0, 0, 0]</P>
    <P Name="HorizontalAlignment">left</P>
    <P Name="VerticalAlignment">top</P>
    <P Name="ZOrder">-2</P>
  </Annotation>
</System>
