<?xml version="1.0" encoding="utf-8"?>
<System>
  <P Name="Location">[223, 338, 826, 833]</P>
  <P Name="SystemRect">[0.000000, 0.000000, 0.000000, 0.000000]</P>
  <P Name="SetExecutionDomain">off</P>
  <P Name="ExecutionDomainType">Deduce</P>
  <P Name="SIDHighWatermark">35</P>
  <P Name="SimulinkSubDomain">Simulink</P>
  <Block BlockType="Inport" Name="yaw" SID="2298::1">
    <P Name="Position">[20, 101, 40, 119]</P>
    <P Name="ZOrder">-1</P>
    <P Name="ForegroundColor">red</P>
  </Block>
  <Block BlockType="Inport" Name="xy_err_earth" SID="2298::22">
    <P Name="Position">[20, 136, 40, 154]</P>
    <P Name="ZOrder">13</P>
    <P Name="ForegroundColor">red</P>
    <P Name="Port">2</P>
  </Block>
  <Block BlockType="Demux" Name=" Demux " SID="2298::34">
    <P Name="Ports">[1, 1]</P>
    <P Name="Position">[270, 230, 320, 270]</P>
    <P Name="ZOrder">25</P>
    <P Name="Outputs">1</P>
  </Block>
  <Block BlockType="S-Function" Name=" SFunction " SID="2298::33">
    <P Name="Tag">Stateflow S-Function 2</P>
    <P Name="Ports">[2, 2]</P>
    <P Name="Position">[180, 100, 230, 160]</P>
    <P Name="ZOrder">24</P>
    <P Name="FunctionName">sf_sfun</P>
    <P Name="PortCounts">[2 2]</P>
    <P Name="SFunctionDeploymentMode">off</P>
    <P Name="EnableBusSupport">on</P>
    <P Name="SFcnIsStateOwnerBlock">off</P>
    <Port>
      <P Name="PortNumber">2</P>
      <P Name="Name">xy_err_body</P>
    </Port>
  </Block>
  <Block BlockType="Terminator" Name=" Terminator " SID="2298::35">
    <P Name="Position">[460, 241, 480, 259]</P>
    <P Name="ZOrder">26</P>
  </Block>
  <Block BlockType="Outport" Name="xy_err_body" SID="2298::23">
    <P Name="Position">[460, 101, 480, 119]</P>
    <P Name="ZOrder">14</P>
    <P Name="ForegroundColor">red</P>
  </Block>
  <Line>
    <P Name="ZOrder">11</P>
    <P Name="Src">2298::1#out:1</P>
    <P Name="Points">[120, 0]</P>
    <P Name="Dst">2298::33#in:1</P>
  </Line>
  <Line>
    <P Name="ZOrder">12</P>
    <P Name="Src">2298::22#out:1</P>
    <P Name="Dst">2298::33#in:2</P>
  </Line>
  <Line>
    <P Name="Name">xy_err_body</P>
    <P Name="ZOrder">13</P>
    <P Name="Labels">[0, 0]</P>
    <P Name="Src">2298::33#out:2</P>
    <P Name="Dst">2298::23#in:1</P>
  </Line>
  <Line>
    <P Name="ZOrder">14</P>
    <P Name="Src">2298::34#out:1</P>
    <P Name="Dst">2298::35#in:1</P>
  </Line>
  <Line>
    <P Name="ZOrder">15</P>
    <P Name="Src">2298::33#out:1</P>
    <P Name="Dst">2298::34#in:1</P>
  </Line>
</System>
