<?xml version="1.0" encoding="utf-8"?>
<System>
  <P Name="Location">[-7, -7, 1543, 841]</P>
  <P Name="SystemRect">[0.000000, 0.000000, 0.000000, 0.000000]</P>
  <P Name="SetExecutionDomain">off</P>
  <P Name="ExecutionDomainType">Deduce</P>
  <P Name="ZoomFactor">125</P>
  <P Name="SimulinkSubDomain">Simulink</P>
  <Block BlockType="Inport" Name="Image Data" SID="353">
    <P Name="Position">[320, 208, 350, 222]</P>
    <P Name="ZOrder">5688</P>
  </Block>
  <Block BlockType="Display" Name="Display" SID="2718">
    <P Name="Ports">[1]</P>
    <P Name="Position">[1175, 295, 1265, 325]</P>
    <P Name="ZOrder">5865</P>
    <P Name="Decimation">1</P>
  </Block>
  <Block BlockType="SubSystem" Name="MATLAB Function" SID="2716">
    <P Name="Ports">[3, 1]</P>
    <P Name="Position">[690, 191, 760, 239]</P>
    <P Name="ZOrder">5863</P>
    <P Name="ErrorFcn">Stateflow.Translate.translate</P>
    <P Name="PermitHierarchicalResolution">ExplicitOnly</P>
    <P Name="TreatAsAtomicUnit">on</P>
    <P Name="RequestExecContextInheritance">off</P>
    <P Name="SFBlockType">MATLAB Function</P>
    <P Name="ContentPreviewEnabled">on</P>
    <System Ref="system_2716"/>
  </Block>
  <Block BlockType="SubSystem" Name="MATLAB Function1" SID="2717">
    <P Name="Ports">[1, 1]</P>
    <P Name="Position">[960, 184, 1100, 246]</P>
    <P Name="ZOrder">5864</P>
    <P Name="ErrorFcn">Stateflow.Translate.translate</P>
    <P Name="PermitHierarchicalResolution">ExplicitOnly</P>
    <P Name="TreatAsAtomicUnit">on</P>
    <P Name="RequestExecContextInheritance">off</P>
    <P Name="SFBlockType">MATLAB Function</P>
    <P Name="ContentPreviewEnabled">on</P>
    <System Ref="system_2717"/>
  </Block>
  <Block BlockType="Reference" Name="PARROT Image Conversion" SID="1064">
    <P Name="Ports">[1, 3]</P>
    <P Name="Position">[435, 171, 580, 259]</P>
    <P Name="ZOrder">5822</P>
    <P Name="LibraryVersion">3.3</P>
    <P Name="SourceBlock">parrotlib/PARROT Image Conversion</P>
    <P Name="SourceType">parrot.ImageProcess</P>
    <P Name="SourceProductBaseCode">MINIDRONES</P>
    <InstanceData>
      <P Name="ImageFormat">RGB</P>
      <P Name="R">on</P>
      <P Name="Y">on</P>
      <P Name="G">on</P>
      <P Name="U">on</P>
      <P Name="B">on</P>
      <P Name="V">on</P>
    </InstanceData>
  </Block>
  <Block BlockType="Reference" Name="Threshold for &#xA;total white pixels" SID="1556">
    <P Name="Ports">[1, 1]</P>
    <P Name="Position">[1190, 200, 1220, 230]</P>
    <P Name="ZOrder">5838</P>
    <P Name="LibraryVersion">1.480</P>
    <P Name="SourceBlock">simulink/Logic and Bit
Operations/Compare
To Constant</P>
    <P Name="SourceType">Compare To Constant</P>
    <P Name="SourceProductBaseCode">SL</P>
    <InstanceData>
      <P Name="RTWMemSecFuncInitTerm">Inherit from model</P>
      <P Name="RTWMemSecFuncExecute">Inherit from model</P>
      <P Name="RTWMemSecDataConstants">Inherit from model</P>
      <P Name="RTWMemSecDataInternal">Inherit from model</P>
      <P Name="RTWMemSecDataParameters">Inherit from model</P>
      <P Name="ContentPreviewEnabled">on</P>
      <P Name="relop">&gt;=</P>
      <P Name="const">7</P>
      <P Name="OutDataTypeStr">boolean</P>
      <P Name="ZeroCross">on</P>
    </InstanceData>
  </Block>
  <Block BlockType="VideoViewer" Name="Video Viewer" SID="2719">
    <P Name="Ports">[1]</P>
    <P Name="Position">[815, 265, 930, 335]</P>
    <P Name="ZOrder">5866</P>
    <P Name="ScopeSpecificationString">vipscopes.VideoViewerScopeCfg(&apos;CurrentConfiguration&apos;, extmgr.ConfigurationSet(extmgr.Configuration(&apos;Core&apos;,&apos;General UI&apos;,true),extmgr.Configuration(&apos;Core&apos;,&apos;Source UI&apos;,true),extmgr.Configuration(&apos;Sources&apos;,&apos;WiredSimulink&apos;,true),extmgr.Configuration(&apos;Visuals&apos;,&apos;Video&apos;,true),extmgr.Configuration(&apos;Tools&apos;,&apos;Image Navigation Tools&apos;,true,&apos;Magnification&apos;,4),extmgr.Configuration(&apos;Tools&apos;,&apos;Image Tool&apos;,true),extmgr.Configuration(&apos;Tools&apos;,&apos;Pixel Region&apos;,true)),&apos;Version&apos;,&apos;2021a&apos;,&apos;Position&apos;,[757.8 73.8 652.8 548.8],&apos;VisibleAtModelOpen&apos;,&apos;on&apos;)</P>
    <P Name="colormapValue">gray(256)</P>
    <P Name="FigPos">[757.8 789.2 652.8 548.8]</P>
  </Block>
  <Block BlockType="Outport" Name="Vision-based Data" SID="401">
    <P Name="Position">[1265, 198, 1295, 212]</P>
    <P Name="ZOrder">5692</P>
    <P Name="VectorParamsAs1DForOutWhenUnconnected">off</P>
  </Block>
  <Line>
    <P Name="ZOrder">427</P>
    <P Name="Src">353#out:1</P>
    <P Name="Dst">1064#in:1</P>
  </Line>
  <Line>
    <P Name="ZOrder">541</P>
    <P Name="Src">1556#out:1</P>
    <P Name="Points">[18, 0; 0, -10]</P>
    <P Name="Dst">401#in:1</P>
  </Line>
  <Line>
    <P Name="ZOrder">572</P>
    <P Name="Src">1064#out:3</P>
    <P Name="Points">[45, 0; 0, -15]</P>
    <P Name="Dst">2716#in:3</P>
  </Line>
  <Line>
    <P Name="ZOrder">585</P>
    <P Name="Src">1064#out:1</P>
    <P Name="Points">[45, 0; 0, 15]</P>
    <P Name="Dst">2716#in:1</P>
  </Line>
  <Line>
    <P Name="ZOrder">579</P>
    <P Name="Src">1064#out:2</P>
    <P Name="Dst">2716#in:2</P>
  </Line>
  <Line>
    <P Name="ZOrder">692</P>
    <P Name="Src">2716#out:1</P>
    <P Name="Points">[26, 0]</P>
    <Branch>
      <P Name="ZOrder">724</P>
      <P Name="Points">[0, 85]</P>
      <P Name="Dst">2719#in:1</P>
    </Branch>
    <Branch>
      <P Name="ZOrder">708</P>
      <P Name="Dst">2717#in:1</P>
    </Branch>
  </Line>
  <Line>
    <P Name="ZOrder">694</P>
    <P Name="Src">2717#out:1</P>
    <P Name="Points">[40, 0]</P>
    <Branch>
      <P Name="ZOrder">726</P>
      <P Name="Dst">1556#in:1</P>
    </Branch>
    <Branch>
      <P Name="ZOrder">725</P>
      <P Name="Points">[0, 95]</P>
      <P Name="Dst">2718#in:1</P>
    </Branch>
  </Line>
  <Annotation SID="1602">
    <P Name="Name">Obtain the RGB image from camera</P>
    <P Name="Position">[406, 95, 608, 330]</P>
    <P Name="InternalMargins">[0, 0, 0, 0]</P>
    <P Name="FixedHeight">on</P>
    <P Name="FixedWidth">on</P>
    <P Name="HorizontalAlignment">left</P>
    <P Name="VerticalAlignment">top</P>
    <P Name="ForegroundColor">[0.956863, 0.980392, 0.921569]</P>
    <P Name="BackgroundColor">[0.956863, 0.980392, 0.921569]</P>
    <P Name="DropShadow">on</P>
    <P Name="AnnotationType">area_annotation</P>
    <P Name="ZOrder">833</P>
    <P Name="FontSize">12</P>
  </Annotation>
</System>
