<?xml version="1.0" encoding="utf-8"?>
<System>
  <P Name="Location">[-7, -7, 1543, 841]</P>
  <P Name="SystemRect">[0.000000, 0.000000, 0.000000, 0.000000]</P>
  <P Name="SetExecutionDomain">off</P>
  <P Name="ExecutionDomainType">Deduce</P>
  <P Name="ZoomFactor">86</P>
  <P Name="SimulinkSubDomain">Simulink</P>
  <Block BlockType="Inport" Name="controlModePosVSOrient_flagin" SID="2336">
    <P Name="Position">[765, -42, 795, -28]</P>
    <P Name="ZOrder">1267</P>
    <P Name="OutDataTypeStr">boolean</P>
  </Block>
  <Block BlockType="Inport" Name="sensor_data_in" SID="2337">
    <P Name="Position">[105, 368, 135, 382]</P>
    <P Name="ZOrder">1270</P>
    <P Name="Port">2</P>
  </Block>
  <Block BlockType="Inport" Name="opticalFlow_datin" SID="2338">
    <P Name="Position">[845, -62, 875, -48]</P>
    <P Name="ZOrder">1266</P>
    <P Name="Port">3</P>
  </Block>
  <Block BlockType="Inport" Name="sensorCalibration_datin" SID="2339">
    <P Name="Position">[95, 398, 125, 412]</P>
    <P Name="ZOrder">1276</P>
    <P Name="Port">4</P>
  </Block>
  <Block BlockType="SubSystem" Name="Altitude Estimator" SID="2340">
    <P Name="Ports">[5, 3]</P>
    <P Name="Position">[710, 364, 875, 456]</P>
    <P Name="ZOrder">1277</P>
    <P Name="RequestExecContextInheritance">off</P>
    <Port>
      <P Name="PortNumber">1</P>
      <P Name="Name">dz</P>
    </Port>
    <Port>
      <P Name="PortNumber">2</P>
      <P Name="Name">Z</P>
    </Port>
    <System Ref="system_2340"/>
  </Block>
  <Block BlockType="SubSystem" Name="Attitude Estimator" SID="2392">
    <P Name="Ports">[1, 4]</P>
    <P Name="Position">[400, 243, 530, 352]</P>
    <P Name="ZOrder">1283</P>
    <P Name="ForegroundColor">red</P>
    <P Name="RequestExecContextInheritance">off</P>
    <Port>
      <P Name="PortNumber">1</P>
      <P Name="Name">Attitude</P>
    </Port>
    <System Ref="system_2392"/>
  </Block>
  <Block BlockType="Delay" Name="Delay1" SID="2461">
    <P Name="Ports">[1, 1]</P>
    <P Name="Position">[950, 513, 985, 547]</P>
    <P Name="ZOrder">1252</P>
    <P Name="BlockMirror">on</P>
    <P Name="ShowName">off</P>
    <P Name="InputPortMap">u0</P>
    <P Name="DelayLength">1</P>
    <P Name="InitialCondition">0</P>
  </Block>
  <Block BlockType="Demux" Name="Demux" SID="2462">
    <P Name="Ports">[1, 3]</P>
    <P Name="Position">[1245, 298, 1250, 352]</P>
    <P Name="ZOrder">1261</P>
    <P Name="ShowName">off</P>
    <P Name="Outputs">3</P>
    <Port>
      <P Name="PortNumber">1</P>
      <P Name="Name">yaw</P>
    </Port>
    <Port>
      <P Name="PortNumber">2</P>
      <P Name="Name">pitch</P>
    </Port>
    <Port>
      <P Name="PortNumber">3</P>
      <P Name="Name">roll</P>
    </Port>
  </Block>
  <Block BlockType="Demux" Name="Demux1" SID="2463">
    <P Name="Ports">[1, 3]</P>
    <P Name="Position">[1245, 193, 1250, 257]</P>
    <P Name="ZOrder">1262</P>
    <P Name="ShowName">off</P>
    <P Name="Outputs">3</P>
    <Port>
      <P Name="PortNumber">1</P>
      <P Name="Name">p</P>
    </Port>
    <Port>
      <P Name="PortNumber">2</P>
      <P Name="Name">q</P>
    </Port>
    <Port>
      <P Name="PortNumber">3</P>
      <P Name="Name">r</P>
    </Port>
  </Block>
  <Block BlockType="Demux" Name="Demux3" SID="2464">
    <P Name="Ports">[1, 2]</P>
    <P Name="Position">[1245, 106, 1250, 144]</P>
    <P Name="ZOrder">1251</P>
    <P Name="ShowName">off</P>
    <P Name="Outputs">2</P>
    <Port>
      <P Name="PortNumber">1</P>
      <P Name="Name">dx</P>
    </Port>
    <Port>
      <P Name="PortNumber">2</P>
      <P Name="Name">dy</P>
    </Port>
  </Block>
  <Block BlockType="Demux" Name="Demux4" SID="2465">
    <P Name="Ports">[1, 2]</P>
    <P Name="Position">[1245, -49, 1250, -11]</P>
    <P Name="ZOrder">1255</P>
    <P Name="ShowName">off</P>
    <P Name="Outputs">2</P>
    <Port>
      <P Name="PortNumber">1</P>
      <P Name="Name">X</P>
    </Port>
    <Port>
      <P Name="PortNumber">2</P>
      <P Name="Name">Y</P>
    </Port>
  </Block>
  <Block BlockType="SubSystem" Name="SensorPreprocessing" SID="2466">
    <P Name="Ports">[2, 3]</P>
    <P Name="Position">[165, 359, 335, 421]</P>
    <P Name="ZOrder">1285</P>
    <P Name="ForegroundColor">red</P>
    <P Name="RequestExecContextInheritance">off</P>
    <System Ref="system_2466"/>
  </Block>
  <Block BlockType="Terminator" Name="Terminator" SID="2534">
    <P Name="Position">[590, 300, 610, 320]</P>
    <P Name="ZOrder">1264</P>
    <P Name="ShowName">off</P>
  </Block>
  <Block BlockType="Terminator" Name="Terminator1" SID="2535">
    <P Name="Position">[590, 275, 610, 295]</P>
    <P Name="ZOrder">1272</P>
    <P Name="ShowName">off</P>
  </Block>
  <Block BlockType="SubSystem" Name="XY Position Estimator" SID="2536">
    <P Name="Ports">[7, 2]</P>
    <P Name="Position">[955, -72, 1150, 82]</P>
    <P Name="ZOrder">1284</P>
    <P Name="ForegroundColor">red</P>
    <P Name="RequestExecContextInheritance">off</P>
    <System Ref="system_2536"/>
  </Block>
  <Block BlockType="Outport" Name="Out Bus Element" SID="2665">
    <P Name="Position">[1320, -45, 1330, -35]</P>
    <P Name="ZOrder">1273</P>
    <P Name="BackgroundColor">black</P>
    <P Name="ShowName">off</P>
    <List ListType="InterfaceData">
      <P Name="Version">0</P>
      <P Name="PortNumber">1</P>
      <P Name="PortName">states_estim</P>
      <P Name="Element">X</P>
      <P Name="PortBlockIndex">1</P>
      <P Name="IsComposite">1</P>
      <P Name="IsClientServer">0</P>
    </List>
    <P Name="VectorParamsAs1DForOutWhenUnconnected">off</P>
  </Block>
  <Block BlockType="Outport" Name="Out Bus Element1" SID="2666">
    <P Name="Position">[1320, -25, 1330, -15]</P>
    <P Name="ZOrder">22</P>
    <P Name="BackgroundColor">black</P>
    <P Name="ShowName">off</P>
    <List ListType="InterfaceData">
      <P Name="Version">0</P>
      <P Name="PortNumber">1</P>
      <P Name="PortName">states_estim</P>
      <P Name="Element">Y</P>
      <P Name="PortBlockIndex">2</P>
      <P Name="IsComposite">1</P>
      <P Name="IsClientServer">0</P>
    </List>
    <P Name="VectorParamsAs1DForOutWhenUnconnected">off</P>
  </Block>
  <Block BlockType="Outport" Name="Out Bus Element2" SID="2667">
    <P Name="Position">[955, 405, 965, 415]</P>
    <P Name="ZOrder">22</P>
    <P Name="BackgroundColor">black</P>
    <P Name="ShowName">off</P>
    <List ListType="InterfaceData">
      <P Name="Version">0</P>
      <P Name="PortNumber">1</P>
      <P Name="PortName">states_estim</P>
      <P Name="Element">Z</P>
      <P Name="PortBlockIndex">3</P>
      <P Name="IsComposite">1</P>
      <P Name="IsClientServer">0</P>
    </List>
    <P Name="VectorParamsAs1DForOutWhenUnconnected">off</P>
  </Block>
  <Block BlockType="Outport" Name="Out Bus Element3" SID="2668">
    <P Name="Position">[1320, 300, 1330, 310]</P>
    <P Name="ZOrder">22</P>
    <P Name="BackgroundColor">black</P>
    <P Name="ShowName">off</P>
    <List ListType="InterfaceData">
      <P Name="Version">0</P>
      <P Name="PortNumber">1</P>
      <P Name="PortName">states_estim</P>
      <P Name="Element">yaw</P>
      <P Name="PortBlockIndex">4</P>
      <P Name="IsComposite">1</P>
      <P Name="IsClientServer">0</P>
    </List>
    <P Name="VectorParamsAs1DForOutWhenUnconnected">off</P>
  </Block>
  <Block BlockType="Outport" Name="Out Bus Element4" SID="2669">
    <P Name="Position">[1320, 320, 1330, 330]</P>
    <P Name="ZOrder">22</P>
    <P Name="BackgroundColor">black</P>
    <P Name="ShowName">off</P>
    <List ListType="InterfaceData">
      <P Name="Version">0</P>
      <P Name="PortNumber">1</P>
      <P Name="PortName">states_estim</P>
      <P Name="Element">pitch</P>
      <P Name="PortBlockIndex">5</P>
      <P Name="IsComposite">1</P>
      <P Name="IsClientServer">0</P>
    </List>
    <P Name="VectorParamsAs1DForOutWhenUnconnected">off</P>
  </Block>
  <Block BlockType="Outport" Name="Out Bus Element5" SID="2670">
    <P Name="Position">[1320, 340, 1330, 350]</P>
    <P Name="ZOrder">22</P>
    <P Name="BackgroundColor">black</P>
    <P Name="ShowName">off</P>
    <List ListType="InterfaceData">
      <P Name="Version">0</P>
      <P Name="PortNumber">1</P>
      <P Name="PortName">states_estim</P>
      <P Name="Element">roll</P>
      <P Name="PortBlockIndex">6</P>
      <P Name="IsComposite">1</P>
      <P Name="IsClientServer">0</P>
    </List>
    <P Name="VectorParamsAs1DForOutWhenUnconnected">off</P>
  </Block>
  <Block BlockType="Outport" Name="Out Bus Element6" SID="2671">
    <P Name="Position">[1320, 110, 1330, 120]</P>
    <P Name="ZOrder">22</P>
    <P Name="BackgroundColor">black</P>
    <P Name="ShowName">off</P>
    <List ListType="InterfaceData">
      <P Name="Version">0</P>
      <P Name="PortNumber">1</P>
      <P Name="PortName">states_estim</P>
      <P Name="Element">dx</P>
      <P Name="PortBlockIndex">7</P>
      <P Name="IsComposite">1</P>
      <P Name="IsClientServer">0</P>
    </List>
    <P Name="VectorParamsAs1DForOutWhenUnconnected">off</P>
  </Block>
  <Block BlockType="Outport" Name="Out Bus Element7" SID="2672">
    <P Name="Position">[1320, 130, 1330, 140]</P>
    <P Name="ZOrder">22</P>
    <P Name="BackgroundColor">black</P>
    <P Name="ShowName">off</P>
    <List ListType="InterfaceData">
      <P Name="Version">0</P>
      <P Name="PortNumber">1</P>
      <P Name="PortName">states_estim</P>
      <P Name="Element">dy</P>
      <P Name="PortBlockIndex">8</P>
      <P Name="IsComposite">1</P>
      <P Name="IsClientServer">0</P>
    </List>
    <P Name="VectorParamsAs1DForOutWhenUnconnected">off</P>
  </Block>
  <Block BlockType="Outport" Name="Out Bus Element8" SID="2673">
    <P Name="Position">[955, 375, 965, 385]</P>
    <P Name="ZOrder">22</P>
    <P Name="BackgroundColor">black</P>
    <P Name="ShowName">off</P>
    <List ListType="InterfaceData">
      <P Name="Version">0</P>
      <P Name="PortNumber">1</P>
      <P Name="PortName">states_estim</P>
      <P Name="Element">dz</P>
      <P Name="PortBlockIndex">9</P>
      <P Name="IsComposite">1</P>
      <P Name="IsClientServer">0</P>
    </List>
    <P Name="VectorParamsAs1DForOutWhenUnconnected">off</P>
  </Block>
  <Block BlockType="Outport" Name="Out Bus Element9" SID="2674">
    <P Name="Position">[1320, 200, 1330, 210]</P>
    <P Name="ZOrder">22</P>
    <P Name="BackgroundColor">black</P>
    <P Name="ShowName">off</P>
    <List ListType="InterfaceData">
      <P Name="Version">0</P>
      <P Name="PortNumber">1</P>
      <P Name="PortName">states_estim</P>
      <P Name="Element">p</P>
      <P Name="PortBlockIndex">10</P>
      <P Name="IsComposite">1</P>
      <P Name="IsClientServer">0</P>
    </List>
    <P Name="VectorParamsAs1DForOutWhenUnconnected">off</P>
  </Block>
  <Block BlockType="Outport" Name="Out Bus Element10" SID="2675">
    <P Name="Position">[1320, 220, 1330, 230]</P>
    <P Name="ZOrder">22</P>
    <P Name="BackgroundColor">black</P>
    <P Name="ShowName">off</P>
    <List ListType="InterfaceData">
      <P Name="Version">0</P>
      <P Name="PortNumber">1</P>
      <P Name="PortName">states_estim</P>
      <P Name="Element">q</P>
      <P Name="PortBlockIndex">11</P>
      <P Name="IsComposite">1</P>
      <P Name="IsClientServer">0</P>
    </List>
    <P Name="VectorParamsAs1DForOutWhenUnconnected">off</P>
  </Block>
  <Block BlockType="Outport" Name="Out Bus Element11" SID="2676">
    <P Name="Position">[1320, 240, 1330, 250]</P>
    <P Name="ZOrder">22</P>
    <P Name="BackgroundColor">black</P>
    <P Name="ShowName">off</P>
    <List ListType="InterfaceData">
      <P Name="Version">0</P>
      <P Name="PortNumber">1</P>
      <P Name="PortName">states_estim</P>
      <P Name="Element">r</P>
      <P Name="PortBlockIndex">12</P>
      <P Name="IsComposite">1</P>
      <P Name="IsClientServer">0</P>
    </List>
    <P Name="VectorParamsAs1DForOutWhenUnconnected">off</P>
  </Block>
  <Block BlockType="Outport" Name="Alt_prs" SID="2677">
    <P Name="Position">[930, 433, 960, 447]</P>
    <P Name="ZOrder">1282</P>
    <P Name="Port">2</P>
    <P Name="VectorParamsAs1DForOutWhenUnconnected">off</P>
  </Block>
  <Line>
    <P Name="ZOrder">1</P>
    <P Name="Src">2536#out:2</P>
    <P Name="Points">[22, 0; 0, 80]</P>
    <Branch>
      <P Name="ZOrder">2</P>
      <P Name="Dst">2464#in:1</P>
    </Branch>
    <Branch>
      <P Name="ZOrder">3</P>
      <P Name="Points">[0, 405]</P>
      <P Name="Dst">2461#in:1</P>
    </Branch>
  </Line>
  <Line>
    <P Name="Name">r</P>
    <P Name="ZOrder">4</P>
    <P Name="Labels">[1, 1]</P>
    <P Name="Src">2463#out:3</P>
    <P Name="Dst">2676#in:1</P>
  </Line>
  <Line>
    <P Name="Name">roll</P>
    <P Name="ZOrder">5</P>
    <P Name="Labels">[0, 0]</P>
    <P Name="Src">2462#out:3</P>
    <P Name="Dst">2670#in:1</P>
  </Line>
  <Line>
    <P Name="Name">Y</P>
    <P Name="ZOrder">6</P>
    <P Name="Labels">[1, 1]</P>
    <P Name="Src">2465#out:2</P>
    <P Name="Dst">2666#in:1</P>
  </Line>
  <Line>
    <P Name="ZOrder">7</P>
    <P Name="Src">2536#out:1</P>
    <P Name="Dst">2465#in:1</P>
  </Line>
  <Line>
    <P Name="ZOrder">8</P>
    <P Name="Src">2392#out:2</P>
    <P Name="Dst">2535#in:1</P>
  </Line>
  <Line>
    <P Name="ZOrder">9</P>
    <P Name="Src">2392#out:4</P>
    <P Name="Points">[408, 0; 0, -110]</P>
    <Branch>
      <P Name="ZOrder">48</P>
      <P Name="Points">[0, -160]</P>
      <P Name="Dst">2536#in:7</P>
    </Branch>
    <Branch>
      <P Name="ZOrder">11</P>
      <P Name="Dst">2463#in:1</P>
    </Branch>
  </Line>
  <Line>
    <P Name="ZOrder">12</P>
    <P Name="Src">2337#out:1</P>
    <P Name="Dst">2466#in:1</P>
  </Line>
  <Line>
    <P Name="ZOrder">13</P>
    <P Name="Src">2338#out:1</P>
    <P Name="Dst">2536#in:1</P>
  </Line>
  <Line>
    <P Name="Name">X</P>
    <P Name="ZOrder">14</P>
    <P Name="Labels">[1, 1]</P>
    <P Name="Src">2465#out:1</P>
    <P Name="Dst">2665#in:1</P>
  </Line>
  <Line>
    <P Name="ZOrder">15</P>
    <P Name="Src">2466#out:1</P>
    <P Name="Points">[40, 0; 0, -70]</P>
    <Branch>
      <P Name="ZOrder">16</P>
      <P Name="Dst">2392#in:1</P>
    </Branch>
    <Branch>
      <P Name="ZOrder">17</P>
      <P Name="Points">[0, -90; 305, 0]</P>
      <Branch>
        <P Name="ZOrder">18</P>
        <P Name="Points">[187, 0; 0, -225]</P>
        <P Name="Dst">2536#in:3</P>
      </Branch>
      <Branch>
        <P Name="ZOrder">19</P>
        <P Name="Points">[0, 160]</P>
        <P Name="Dst">2340#in:1</P>
      </Branch>
    </Branch>
  </Line>
  <Line>
    <P Name="ZOrder">20</P>
    <P Name="Src">2466#out:3</P>
    <P Name="Dst">2340#in:3</P>
  </Line>
  <Line>
    <P Name="Name">dy</P>
    <P Name="ZOrder">21</P>
    <P Name="Labels">[1, 1]</P>
    <P Name="Src">2464#out:2</P>
    <P Name="Dst">2672#in:1</P>
  </Line>
  <Line>
    <P Name="ZOrder">22</P>
    <P Name="Src">2466#out:2</P>
    <P Name="Dst">2340#in:2</P>
  </Line>
  <Line>
    <P Name="Name">dz</P>
    <P Name="ZOrder">23</P>
    <P Name="Src">2340#out:1</P>
    <P Name="Points">[26, 0]</P>
    <Branch>
      <P Name="ZOrder">24</P>
      <P Name="Points">[0, -355]</P>
      <P Name="Dst">2536#in:5</P>
    </Branch>
    <Branch>
      <P Name="ZOrder">25</P>
      <P Name="Labels">[-1, 1]</P>
      <P Name="Dst">2673#in:1</P>
    </Branch>
  </Line>
  <Line>
    <P Name="Name">Z</P>
    <P Name="ZOrder">26</P>
    <P Name="Src">2340#out:2</P>
    <P Name="Points">[11, 0]</P>
    <Branch>
      <P Name="ZOrder">27</P>
      <P Name="Labels">[-1, 0]</P>
      <P Name="Points">[0, -405]</P>
      <P Name="Dst">2536#in:4</P>
    </Branch>
    <Branch>
      <P Name="ZOrder">28</P>
      <P Name="Labels">[-1, 1]</P>
      <P Name="Dst">2667#in:1</P>
    </Branch>
  </Line>
  <Line>
    <P Name="Name">p</P>
    <P Name="ZOrder">29</P>
    <P Name="Labels">[1, 1]</P>
    <P Name="Src">2463#out:1</P>
    <P Name="Dst">2674#in:1</P>
  </Line>
  <Line>
    <P Name="Name">dx</P>
    <P Name="ZOrder">30</P>
    <P Name="Labels">[1, 1]</P>
    <P Name="Src">2464#out:1</P>
    <P Name="Dst">2671#in:1</P>
  </Line>
  <Line>
    <P Name="ZOrder">31</P>
    <P Name="Src">2392#out:3</P>
    <P Name="Dst">2534#in:1</P>
  </Line>
  <Line>
    <P Name="Name">pitch</P>
    <P Name="ZOrder">32</P>
    <P Name="Labels">[-1, 0]</P>
    <P Name="Src">2462#out:2</P>
    <P Name="Dst">2669#in:1</P>
  </Line>
  <Line>
    <P Name="ZOrder">33</P>
    <P Name="Src">2336#out:1</P>
    <P Name="Dst">2536#in:2</P>
  </Line>
  <Line>
    <P Name="Name">Attitude</P>
    <P Name="ZOrder">34</P>
    <P Name="Labels">[0, 0]</P>
    <P Name="Src">2392#out:1</P>
    <P Name="Points">[131, 0]</P>
    <Branch>
      <P Name="ZOrder">45</P>
      <P Name="Points">[260, 0]</P>
      <Branch>
        <P Name="ZOrder">46</P>
        <P Name="Points">[0, -215]</P>
        <P Name="Dst">2536#in:6</P>
      </Branch>
      <Branch>
        <P Name="ZOrder">36</P>
        <P Name="Points">[0, 65]</P>
        <P Name="Dst">2462#in:1</P>
      </Branch>
    </Branch>
    <Branch>
      <P Name="ZOrder">38</P>
      <P Name="Points">[0, 190]</P>
      <P Name="Dst">2340#in:5</P>
    </Branch>
  </Line>
  <Line>
    <P Name="Name">yaw</P>
    <P Name="ZOrder">39</P>
    <P Name="Labels">[0, 0]</P>
    <P Name="Src">2462#out:1</P>
    <P Name="Dst">2668#in:1</P>
  </Line>
  <Line>
    <P Name="ZOrder">40</P>
    <P Name="Src">2461#out:1</P>
    <P Name="Points">[-291, 0; 0, -100]</P>
    <P Name="Dst">2340#in:4</P>
  </Line>
  <Line>
    <P Name="Name">q</P>
    <P Name="ZOrder">41</P>
    <P Name="Labels">[1, 1]</P>
    <P Name="Src">2463#out:2</P>
    <P Name="Dst">2675#in:1</P>
  </Line>
  <Line>
    <P Name="ZOrder">42</P>
    <P Name="Src">2339#out:1</P>
    <P Name="Dst">2466#in:2</P>
  </Line>
  <Line>
    <P Name="ZOrder">43</P>
    <P Name="Src">2340#out:3</P>
    <P Name="Dst">2677#in:1</P>
  </Line>
  <Annotation SID="2678">
    <P Name="Name">Derived frrom the work by Sertac 
Karaman and Fabian Riether</P>
    <P Name="Position">[1281, 517, 1431, 543]</P>
    <P Name="InternalMargins">[0, 0, 0, 0]</P>
    <P Name="HorizontalAlignment">left</P>
    <P Name="VerticalAlignment">top</P>
    <P Name="ZOrder">-1</P>
  </Annotation>
</System>
